h,s,p_grid,omega,p_wt,p_el,p_comp,m_in,m_out,m_tank
1,1,493.3937835,1036.9096,1127.116364,1585.247273,35.26287443,31768.35534,25000,6768.355343
1,2,78.73320581,1250.2617,1309.176744,1357.708538,30.20141179,27208.47909,25000,2208.479092
1,3,0,96.7304,722.3381038,706.6197709,15.71833283,14160.66021,14160.66021,0
2,1,358.8612654,709.8295,979.2600332,1309.003306,29.11799313,26232.42624,25000,8000.781586
2,2,0,749.2752,1162.600031,1137.301443,25.29858821,22791.52091,25000,0
2,3,229.6764648,229.7931,1155.265748,1354.80538,30.13683279,27150.29981,25000,2150.299811
3,1,372.5308451,928.8443,971.2535461,1314.543167,29.24122403,26343.44507,25000,9344.226656
3,2,108.9780422,1003.0939,1247.888289,1327.34044,29.52589168,26599.90241,25000,1599.902415
3,3,103.1935123,103.4432,1186.527217,1261.655949,28.0647796,25283.58523,25000,2433.885037
4,1,490.4173137,1211.0357,1007.92997,1465.742716,32.60456728,29373.48404,25000,13717.71069
4,2,0,1171.1924,1193.643649,1167.66954,25.97410832,23400.09759,25000,0
4,3,227.7173538,227.833,1097.823168,1296.69629,28.84423096,25985.79366,25000,3419.678696
5,1,0,0,893.795174,874.3458747,19.44929937,17521.89133,25000,6239.60202
5,2,341.1649302,1623.1221,1279.345217,1585.247273,35.26287443,31768.35534,25000,6768.355343
5,3,330.1446546,438.7453,1009.627952,1310.618681,29.15392618,26264.79836,9869.067948,19815.40911
6,1,120.772128,120.8335,1170.224779,1262.904357,28.09254968,25308.60332,25000,6548.205337
6,2,246.8257448,1635.5117,1373.684402,1585.247273,35.26287443,31768.35534,25000,13536.71069
6,3,0,0,834.7399557,816.5757188,18.16423692,16364.17741,25000,11179.58652
7,1,214.4190588,746.4405,1406.091088,1585.247273,35.26287443,31768.35534,25000,13316.56068
7,2,370.7338253,1395.8306,1249.776322,1585.247273,35.26287443,31768.35534,25000,20305.06603
7,3,0,0,885.0040191,865.7460184,19.25800073,17349.55021,25000,3529.136726
8,1,145.6699442,1428.3591,1474.840203,1585.247273,35.26287443,31768.35534,25000,20084.91602
8,2,171.3884498,747.669,1371.51794,1509.3322,33.5741892,30247.01729,25000,25552.08332
8,3,29.72346096,29.7386,1065.50956,1071.400363,23.83265823,21470.86327,25000,0
9,1,148.2877552,1270.6824,1472.222392,1585.247273,35.26287443,31768.35534,25000,26853.27137
9,2,222.7418904,1309.3191,1397.768257,1585.247273,35.26287443,31768.35534,25000,32320.43867
9,3,435.2900295,914.6714,1185.220118,1585.247273,35.26287443,31768.35534,25000,6768.355343
10,1,144.5314983,1859.3377,1475.978649,1585.247273,35.26287443,31768.35534,25000,33621.62671
10,2,316.6011361,1601.4852,1303.909011,1585.247273,35.26287443,31768.35534,25000,39088.79401
10,3,225.007422,225.5519,1324.866781,1516.148392,33.72581128,30383.61377,25000,12151.96911
11,1,157.0348517,1763.6729,1463.475295,1585.247273,35.26287443,31768.35534,25000,40389.98205
11,2,387.4719639,1474.1494,1233.038183,1585.247273,35.26287443,31768.35534,25000,45857.14935
11,3,247.2048757,1273.3493,1373.305271,1585.247273,35.26287443,31768.35534,25000,18920.32446
12,1,187.9520935,1585.297,1432.558054,1585.247273,35.26287443,31768.35534,25000,47158.3374
12,2,382.6429559,1544.1082,1237.867191,1585.247273,35.26287443,31768.35534,25000,52625.5047
12,3,365.7595847,760.5801,1254.750562,1585.247273,35.26287443,31768.35534,25000,25688.6798
13,1,223.8251217,1600.0289,1396.685025,1585.247273,35.26287443,31768.35534,25000,53926.69274
13,2,0,1481.8473,1200.723773,1174.595598,26.12817433,23538.89579,25000,51164.40048
13,3,133.6713811,322.6066,922.399589,1033.090492,22.98047814,20703.13346,25000,21391.81326
14,1,357.1908197,699.1319,1263.319327,1585.247273,35.26287443,31768.35534,25000,60695.04808
14,2,0,1081.2564,1140.204813,1115.393553,24.81126035,22352.4868,25000,48516.88729
14,3,218.3018699,383.6878,986.1638304,1178.2561,26.2096,23612.25225,25000,20004.06551
15,1,465.6454306,578.4715,1101.747305,1533.285715,34.10702076,30727.04573,25000,66422.09382
15,2,0,560.5415,967.4812272,946.4284932,21.05273397,18966.427,25000,42483.31429
15,3,171.8271631,171.9145,1012.220872,1158.282731,25.76530438,23211.98593,24953.84445,18262.20699
16,1,0,0,909.5029127,889.7118074,19.79110533,17829.82462,25000,59251.91844
16,2,0,160.91,695.0933189,679.9678423,15.12547667,13626.55556,25000,31109.86985
16,3,86.17343798,96.8899,936.4469001,1000.367758,22.25258055,20047.36986,25000,13309.57685
17,1,0,0,1061.338516,1038.243414,23.09510179,20806.39801,25000,55058.31645
17,2,0,0,903.5579754,883.8962341,19.66174139,17713.28053,25000,23823.15038
17,3,236.4134514,406.8043,989.2016011,1198.945235,26.66981739,24026.86251,25000,12336.43936
18,1,0,0,1079.652757,1056.15913,23.49362616,21165.42897,25000,51223.74542
18,2,0,0,869.1828168,850.269091,18.91372577,17039.39258,25000,15862.54296
18,3,0,0,966.3633555,945.3349468,21.02840869,18944.51233,25000,6280.951694
19,1,0,0,1047.578863,1024.783176,22.79568689,20536.65485,25000,46760.40028
19,2,0,0,878.7714246,859.6490473,19.12237727,17227.36691,25000,8089.909872
19,3,0,0,1130.999751,1106.388796,24.61095493,22172.03147,25000,3452.983166
20,1,291.9317454,292.094,1197.549215,1457.069328,32.41163295,29199.66933,25000,50960.0696
20,2,0,0,930.0017568,909.7645894,20.23716743,18231.68237,25000,1321.592243
20,3,0,0,1099.117629,1075.200441,23.91718869,21547.01683,25000,0
21,1,196.6331919,197.109,1198.872048,1365.138552,30.366688,27357.37658,25000,53317.44618
21,2,168.3158732,168.4014,1039.524433,1181.557273,26.28303261,23678.40776,25000,0
21,3,0,0,1098.258651,1074.360154,23.898497,21530.17748,10696.48768,10833.6898
22,1,356.2468028,868.5852,1264.263344,1585.247273,35.26287443,31768.35534,25000,60085.80153
22,2,425.5593979,785.4373,1194.950749,1585.247273,35.26287443,31768.35534,25000,6768.355343
22,3,0,0,1066.516364,1043.30859,23.2077736,20907.90414,25000,6741.59394
23,1,452.899568,1048.2211,1167.610579,1585.247273,35.26287443,31768.35534,25000,66854.15687
23,2,0,852.8361,1223.343859,1196.723464,26.62039542,23982.33822,25000,5750.693561
23,3,0,0,931.3649375,911.0981068,20.26683073,18258.40606,25000,0
24,1,361.2936604,1189.9621,1259.216487,1585.247273,35.26287443,31768.35534,25000,73622.51221
24,2,0,1068.9152,1363.517588,1333.846962,29.67062537,26730.29312,25000,7480.986686
24,3,0,0,858.7312343,840.0449387,18.68629563,16834.50057,10464.15592,6370.344652
25,1,379.5930569,1048.3489,1240.91709,1585.247273,35.26287443,31768.35534,25000,80390.86756
25,2,0,1353.9905,1386.304054,1356.137587,30.16646694,27176.99724,25000,9657.983927
25,3,0,0,950.3024378,929.6235204,20.67891744,18629.65535,25000,0
26,1,426.871489,512.6514,1091.926174,1485.748088,33.04957477,29774.39168,25000,85165.25924
26,2,0,1113.9773,1391.250813,1360.976703,30.27411016,27273.97312,25000,11931.95705
26,3,0,0,683.9580964,669.0749261,14.88317029,13408.26152,0,13408.26152
27,1,237.9146329,367.3211,980.2188946,1191.626511,26.50701676,23880.19528,25000,84045.45451
27,2,0,1145.5201,1399.880559,1369.418663,30.4618965,27443.15,25000,14375.10705
27,3,0,0,749.3090713,733.0038406,16.30523063,14689.39697,18431.20179,9666.4567
28,1,403.7962225,698.8044,1057.742787,1429.735403,31.80360621,28651.89748,25000,87697.35199
28,2,224.2650413,957.8895,1242.115264,1434.471351,31.90895453,28746.80588,25000,18121.91293
28,3,0,0,782.1671043,765.1468713,17.02023306,15333.5433,25000,0
29,1,0,0,1071.905161,1048.580125,23.32503574,21013.54571,25000,83710.8977
29,2,0,1314.1093,1233.482788,1206.641766,26.84102211,24181.101,25000,17303.01393
29,3,0,0,843.2282806,824.8793347,18.34894587,16530.58187,0,16530.58187
30,1,211.2520091,211.757,1186.672451,1367.505129,30.41933109,27404.80278,25000,86115.70048
30,2,0,1570.3795,1294.254022,1266.090596,28.16342566,25372.45555,25000,17675.46947
30,3,0,0,711.0203378,695.5482836,15.47205424,13938.7876,8112.974401,22356.39507
31,1,348.9488291,607.0307,1271.561318,1585.247273,35.26287443,31768.35534,25000,92884.05583
31,2,0,596.8596,907.9687354,888.2110143,19.75772109,17799.74873,25000,10475.2182
31,3,0,0,749.0352554,732.7359831,16.2992723,14684.0291,25000,12040.42417
32,1,251.6100183,1390.6829,1368.900129,1585.247273,35.26287443,31768.35534,25000,99652.41117
32,2,0,491.2723,740.9120189,724.7895111,16.1225078,14524.7818,25000,0
32,3,0,0,921.5845577,901.5305515,20.0540062,18066.67225,25000,5107.096423
33,1,300.7313721,1264.9524,1319.778775,1585.247273,35.26287443,31768.35534,25000,106420.7665
33,2,0,1524.4976,1337.791335,1308.680522,29.11081301,26225.95767,25000,1225.957668
33,3,242.7216294,355.7826,927.7859898,1145.036959,25.47066013,22946.54066,25000,3053.637083
34,1,170.3354346,1951.8497,1450.174712,1585.247273,35.26287443,31768.35534,25000,113189.1219
34,2,0,1640.3083,1400.692984,1370.213409,30.47957515,27459.07671,25000,3685.034377
34,3,38.63702103,38.7294,1080.851332,1095.12789,24.36046284,21946.36292,25000,0
35,1,155.593552,1778.0603,1464.916595,1585.247273,35.26287443,31768.35534,25000,119957.4772
35,2,0,1641.492,1466.426634,1434.516672,31.90996265,28747.7141,25000,7432.748476
35,3,411.5157485,748.4447,976.7190527,1358.02632,30.20848068,27214.84746,25000,2214.847463
36,1,202.8465318,1510.6591,1417.663615,1585.247273,35.26287443,31768.35534,25000,126725.8325
36,2,0,1688.9684,1478.961147,1446.778429,32.18271809,28993.43972,25000,11426.18819
36,3,422.7999656,674.2966,1197.710181,1585.247273,35.26287443,31768.35534,8253.314595,25729.88821
37,1,312.8220445,1395.3237,1307.688103,1585.247273,35.26287443,31768.35534,25000,133494.1879
37,2,0,1677.731,1463.562556,1431.714916,31.84763928,28691.56692,25000,15117.75512
37,3,276.5660997,276.7139,1199.089898,1443.5452,32.11079686,28928.64582,25000,29658.53403
38,1,446.9362386,701.9526,1173.573908,1585.247273,35.26287443,31768.35534,25000,140262.5432
38,2,0,1269.8177,1413.222365,1382.470146,30.75221891,27704.70172,25000,17822.45683
38,3,345.0922798,399.4959,1275.417867,1585.247273,35.26287443,31768.35534,25000,36426.88937
39,1,424.8332321,578.9313,1195.676915,1585.247273,35.26287443,31768.35534,25000,147030.8986
39,2,217.217407,825.1571,1403.29274,1585.247273,35.26287443,31768.35534,25000,24590.81218
39,3,177.4440718,177.8735,1160.494147,1308.82421,29.11400925,26228.83717,25000,37655.72654
40,1,205.1263161,205.6227,1196.766164,1371.386804,30.50567662,27482.59155,25000,149513.4901
40,2,219.6185712,444.6685,1400.891576,1585.247273,35.26287443,31768.35534,25000,31359.16752
40,3,0,0,730.8264286,714.9233868,15.90304179,14327.06467,25000,26982.79121
41,1,51.75797184,51.8832,1077.015889,1104.211342,24.56251878,22128.3953,25000,146641.8854
41,2,248.6792743,494.7932,1371.830873,1585.247273,35.26287443,31768.35534,25000,38127.52286
41,3,0,0,767.654806,750.9503657,16.70444031,15049.04533,25000,17031.83654
42,1,0,0,1041.298325,1018.639305,22.65902016,20413.53168,25000,142055.4171
42,2,217.2896231,612.4489,1403.220524,1585.247273,35.26287443,31768.35534,25000,44895.87821
42,3,0,0,774.3671241,757.5166214,16.85050273,15180.63309,25000,7212.469629
43,1,0,0,1000.387732,978.6189406,21.76879116,19611.52357,25000,136666.9407
43,2,367.5023845,399.3913,1253.007763,1585.247273,35.26287443,31768.35534,25000,51664.23355
43,3,0,0,907.3454746,887.6013159,19.74415871,17787.53037,25000,0
44,1,0,0,729.3204356,713.4501648,15.87027084,14297.5413,25000,125964.482
44,2,209.2679962,209.3743,1146.224974,1325.996964,29.49600686,26572.97915,25000,53237.2127
44,3,169.0910211,169.4952,1120.691997,1261.716883,28.06613503,25284.80634,25000,284.8063378
45,1,0,0,914.9204759,895.0114825,19.90899342,17936.03011,25000,118900.5121
45,2,295.0659859,295.8474,1212.70552,1474.961864,32.8096417,29558.23576,25000,57795.44846
45,3,342.9579561,408.2548,1277.552191,1585.247273,35.26287443,31768.35534,25000,7053.161681
46,1,531.3812802,615.3411,1078.837724,1575.180069,35.03893552,31566.60857,25000,125467.1207
46,2,0,718.0779,1220.649177,1194.087418,26.56175817,23929.51187,25000,56724.96033
46,3,0,297.8372,1187.035534,1161.205221,25.83031342,23270.55263,25000,5323.714309
47,1,386.600564,920.1767,1233.909583,1585.247273,35.26287443,31768.35534,25000,132235.476
47,2,0,948.6851,1209.728238,1183.404124,26.32411469,23715.41864,25000,55440.37896
47,3,306.3186181,404.5989,1314.191529,1585.247273,35.26287443,31768.35534,25000,12092.06965
48,1,287.2888202,1352.7025,1333.221327,1585.247273,35.26287443,31768.35534,25000,139003.8313
48,2,0,1146.8577,1212.197204,1185.819364,26.37784025,23763.82005,25000,54204.19901
48,3,150.5059386,430.1715,1292.293372,1411.403487,31.39582373,28284.52588,25000,15376.59554
49,1,458.4910496,842.0359,1162.019097,1585.247273,35.26287443,31768.35534,25000,145772.1867
49,2,0,1624.991,1368.900129,1339.112377,29.78775137,26835.81204,25000,56040.01105
49,3,0,0,1019.196584,997.0185053,22.17807844,19980.25085,25000,10356.84638
50,1,115.4808,115.4808,964.7812363,1056.755152,23.5068843,21177.37325,25000,141949.5599
50,2,0,1610.7615,1466.899511,1434.979258,31.92025262,28756.98434,25000,59796.99539
50,3,0,75.5393,1086.125066,1062.490601,23.63446591,21292.31164,25000,6649.158018
51,1,26.21400043,26.2273,998.2454769,1002.166876,22.29260087,20083.4242,25000,137032.9841
51,2,0,1667.3825,1429.181981,1398.082475,31.09950581,28017.5728,25000,62814.56819
51,3,0,131.109,1051.654021,1028.769657,22.88436377,20616.54393,25000,2265.701951
52,1,320.7064,320.7064,1087.515414,1377.578409,30.64340515,27606.67131,25000,139639.6554
52,2,0,246.7743,723.2508267,707.5126326,15.73819401,14178.55316,25000,51993.12135
52,3,152.482126,426.707,1267.131701,1388.722528,30.8912994,27829.99946,25000,5095.70141
53,1,0,0,935.140452,914.7914647,20.34898726,18332.42095,25000,132972.0764
53,2,0,448.5321,826.0188866,808.0444232,17.97446337,16193.21024,25000,43186.33159
53,3,132.0331313,409.5527,1282.451394,1383.704841,30.77968398,27729.44502,25000,7825.146434
54,1,376.0421071,552.3171,1002.943894,1348.978778,30.00722352,27033.5347,25000,135005.6111
54,2,0,1009.168,1033.675382,1011.18224,22.49314222,20264.09209,25000,38450.42368
54,3,187.7173934,490.7582,1432.792754,1585.247273,35.26287443,31768.35534,25000,14593.50178
55,1,0,509.2021,410.3794715,401.449469,8.930002567,8045.047358,25000,118050.6585
55,2,0,55.7723,769.4802533,752.7360906,16.74416269,15084.83126,25000,28535.25494
55,3,149.0580534,599.5115,1471.452094,1585.247273,35.26287443,31768.35534,25000,21361.85712
56,1,0,676.5159,356.2370375,348.4851934,7.751844037,6983.643276,25000,100034.3017
56,2,379.4620009,494.6936,1129.41763,1476.045876,32.83375489,29579.95936,25000,33115.2143
56,3,141.0962993,911.5511,1479.413848,1585.247273,35.26287443,31768.35534,25000,28130.21246
57,1,357.6455653,1021.4027,947.6986354,1276.939449,28.40475188,25589.86655,25000,100624.1683
57,2,0,1234.5604,1113.212883,1088.988976,24.22390638,21823.33908,25000,29938.55338
57,3,140.4151417,1072.9221,1479.413848,1584.580937,35.2480522,31755.00198,25000,34885.21444
58,1,546.322897,1414.3847,1074.18725,1585.247273,35.26287443,31768.35534,25000,107392.5236
58,2,0,727.3151,843.2959741,824.9455552,18.35041891,16531.90893,25000,21470.46231
58,3,0,1395.6242,1453.672047,1422.039628,31.63241831,28497.67415,25000,38382.8886
59,1,298.8796475,1845.4695,1321.6305,1585.247273,35.26287443,31768.35534,25000,114160.879
59,2,0,939.247,969.6234821,948.5241319,21.0993502,19008.4236,25000,15478.88591
59,3,146.5816656,1363.226,1473.928481,1585.247273,35.26287443,31768.35534,25000,45151.24394
60,1,260.2036582,1810.9448,1360.306489,1585.247273,35.26287443,31768.35534,25000,120929.2343
60,2,0,1149.1913,1077.926807,1054.470738,23.45606889,21131.5936,25000,11610.47951
60,3,0,1477.4058,1465.876459,1433.978469,31.89799065,28736.92851,25000,48888.17246
61,1,313.994804,1528.5798,1306.515343,1585.247273,35.26287443,31768.35534,25000,127697.5897
61,2,0,1490.4586,1314.550376,1285.945294,28.6050815,25770.34369,25000,12380.8232
61,3,0,925.2012,1394.987962,1364.63253,30.35543185,27347.2359,25000,51235.40835
62,1,407.005844,1020.4937,1213.504303,1585.247273,35.26287443,31768.35534,25000,134465.945
62,2,0,1522.6076,1416.273468,1385.454856,30.81861199,27764.51531,25000,15145.33851
62,3,0,1183.9602,1439.45463,1408.131587,31.32304228,28218.95701,25000,54454.36536
63,1,482.5107137,708.8345,1137.999433,1585.247273,35.26287443,31768.35534,25000,141234.3003
63,2,0,1364.9982,1462.181635,1430.364045,31.81758997,28664.49547,25000,18809.83397
63,3,0,1058.2094,1433.433665,1402.241641,31.19202397,28100.92249,25000,57555.28786
64,1,358.0985274,676.0359,1262.41162,1585.247273,35.26287443,31768.35534,25000,148002.6557
64,2,0,1020.344,1469.099074,1437.130958,31.96811589,28800.1044,25000,22609.93838
64,3,234.789108,462.0968,1385.721039,1585.247273,35.26287443,31768.35534,25000,64323.6432
65,1,414.8121339,619.5386,1205.698013,1585.247273,35.26287443,31768.35534,25000,154771.011
65,2,0,1243.7835,1463.670878,1431.820882,31.84999642,28693.69047,25000,26303.62885
65,3,265.3490093,452.6124,1355.161138,1585.247273,35.26287443,31768.35534,25000,71091.99854
66,1,328.7247,328.7247,1050.690366,1349.398506,30.01656013,27041.94607,25000,156812.9571
66,2,0,1224.2468,1454.619875,1422.966831,31.65304338,28516.2553,25000,29819.88415
66,3,174.4186168,603.3137,1446.09153,1585.247273,35.26287443,31768.35534,25000,77860.35389
67,1,0,0,818.4022116,800.5934898,17.80872182,16043.89354,25000,147856.8506
67,2,0,842.3806,1339.40906,1310.263044,29.14601526,26257.67141,25000,31077.55556
67,3,240.0374914,808.6622,1380.472656,1585.247273,35.26287443,31768.35534,25000,84628.70923
68,1,36.85824031,36.877,1002.125556,1016.375141,22.6086552,20368.15783,25000,143225.0085
68,2,0,539.2226,1205.879555,1179.639189,26.24036598,23639.96935,25000,29717.5249
68,3,0,1156.6461,1454.999006,1423.337712,31.6612934,28523.68775,25000,88152.39698
69,1,267.3033674,284.7424,1021.49785,1260.756447,28.04477071,25265.5592,25000,143490.5677
69,2,0,264.2349,914.9628256,895.0529106,19.90991497,17936.86033,25000,22654.38523
69,3,0,1384.7965,1469.845299,1437.860945,31.98435401,28814.73334,25000,91967.13032
70,1,178.2655368,376.122,911.4685773,1066.021114,23.71300007,21363.06313,25000,139853.6308
70,2,0,398.948,870.2855068,851.3477861,18.93772069,17061.00963,25000,14715.39487
70,3,0,1187.1601,1447.326113,1415.831784,31.49432854,28373.26896,25000,95340.39928
71,1,482.9854091,697.4215,1053.332028,1502.886626,33.43081127,30117.84799,25000,144971.4788
71,2,0,999.7646,1204.390914,1178.182941,26.20797262,23610.78615,25000,13326.18101
71,3,0,1149.1188,1431.338815,1400.192376,31.14643929,28059.85522,25000,98400.2545
72,1,368.7005589,1288.6453,1251.809588,1585.247273,35.26287443,31768.35534,25000,151739.8341
72,2,0,1050.8391,1126.924592,1102.402314,24.52227802,22092.14236,25000,10418.32337
72,3,0,1020.2027,1427.737672,1396.669595,31.06807714,27989.25868,25000,101389.5132
73,1,513.2422003,792.5907,1107.267947,1585.247273,35.26287443,31768.35534,25000,158508.1895
73,2,0,1400.8677,1194.587665,1168.593015,25.99465046,23418.60402,25000,8836.927395
73,3,187.1396704,795.488,1433.370477,1585.247273,35.26287443,31768.35534,25000,108157.8685
74,1,234.1444642,234.2674,1038.997059,1245.437513,27.70401021,24958.56775,25000,158466.7572
74,2,0,1904.1472,1408.221444,1377.578047,30.64339711,27606.66406,25000,11443.59146
74,3,224.0237138,593.8784,1396.486433,1585.247273,35.26287443,31768.35534,25000,114926.2239
75,1,0,0,831.8192422,813.718561,18.10068116,16306.91996,25000,149773.6772
75,2,0,1958.9736,1461.721061,1429.913493,31.80756771,28655.46641,25000,15099.05787
75,3,212.3789722,618.8516,1408.131175,1585.247273,35.26287443,31768.35534,25000,121694.5792
76,1,0,0,661.9158331,647.5123103,14.40352283,12976.1467,25000,137749.8239
76,2,25.77717488,25.7903,966.5071856,970.6919015,21.59245893,19452.66571,25000,9551.723573
76,3,0,951.9961,1464.615697,1432.745141,31.87055602,28712.21263,25000,125406.7918
77,1,0,0,719.3945717,703.7402912,15.65428053,14102.95544,25000,126852.7793
77,2,206.1036145,209.1425,1010.947985,1190.568125,26.48347361,23858.98523,25000,8410.708808
77,3,0,1046.1801,1461.758523,1429.95014,31.80838289,28656.2008,25000,129062.9926
78,1,0,18.308,582.4779298,569.8030039,12.67492594,11418.8522,25000,113271.6315
78,2,0,1162.5992,1377.349336,1347.377727,29.97160912,27001.44965,25000,10412.15846
78,3,0,1087.1647,1471.843261,1439.815431,32.02783036,28853.90123,25000,132916.8939
79,1,0,0,813.2453271,795.5488209,17.69650619,15942.79837,25000,104214.4299
79,2,240.5791078,464.1106,1379.931039,1585.247273,35.26287443,31768.35534,25000,17180.51381
79,3,0,1072.1449,1405.657796,1375.070185,30.58761122,27556.4065,25000,135473.3004
80,1,0,3.2027,853.5420527,834.9686755,18.5733772,16732.77226,25000,95947.20214
80,2,217.7229153,653.5352,1402.787232,1585.247273,35.26287443,31768.35534,25000,23948.86915
80,3,0,1228.7187,1360.757836,1331.147264,29.61057219,26676.19116,25000,137149.4915
81,1,187.0524555,351.4625,947.6807523,1110.041011,24.69219628,22245.22187,25000,93192.42401
81,2,0,1299.9587,1364.42277,1334.732448,29.69032246,26748.03825,25000,25696.9074
81,3,0,1420.0665,1466.685873,1434.77027,31.91560379,28752.7962,25000,140902.2877
82,1,321.639015,745.8447,989.1842417,1282.299279,28.52397807,25697.27754,25000,93889.70156
82,2,221.020153,1116.7207,1399.489994,1585.247273,35.26287443,31768.35534,25000,32465.26274
82,3,0,1594.3027,1471.883631,1439.854922,32.02870884,28854.69264,25000,144756.9804
83,1,338.7915313,995.02,936.5427854,1247.582591,27.75172618,25001.55511,25000,93891.25667
83,2,279.0189929,1246.8742,1341.491154,1585.247273,35.26287443,31768.35534,25000,39233.61808
83,3,0,1484.0918,1471.100043,1439.088386,32.01165769,28839.33125,25000,148596.3116
84,1,485.1955229,1327.8465,1135.314624,1585.247273,35.26287443,31768.35534,25000,100659.612
84,2,0,1498.42,1399.70002,1369.242053,30.45796791,27439.61073,25000,41673.22882
84,3,0,1765.7158,1474.145128,1442.067209,32.07791981,28899.02686,25000,152495.3385
85,1,503.4410451,1083.7359,1117.069102,1585.247273,35.26287443,31768.35534,25000,107427.9674
85,2,0,1892.4337,1461.480343,1429.678013,31.8023296,28650.74738,25000,45323.9762
85,3,0,1519.2249,1383.830674,1353.718028,30.11264531,27128.50929,25000,154623.8478
86,1,167.663115,370.0624,874.983924,1019.95867,22.68836865,20439.97175,25000,102867.9391
86,2,0,1939.2189,1449.980032,1418.427953,31.55207876,28425.29618,25000,48749.27238
86,3,0,1553.5968,1313.098042,1284.524564,28.57347821,25741.87227,25000,155365.72
87,1,55.96888816,219.7466,828.1683491,864.898098,19.23913925,17332.55788,25000,95200.49699
87,2,0,1874.6128,1385.660433,1355.507972,30.15246153,27164.37976,25000,50913.65214
87,3,0,1531.6584,1391.128347,1360.856902,30.27144526,27271.57231,25000,157637.2924
88,1,203.3949202,476.742,882.5589238,1062.323104,23.63074005,21288.955,25000,91489.452
88,2,0,1808.8806,1344.286896,1315.034737,29.2521587,26353.29613,25000,52266.94826
88,3,0,704.4542,1271.125617,1243.465474,27.66014339,24919.0481,25000,157556.3404
89,1,0,70.7637,724.2091865,708.4501382,15.75904826,14197.34077,25000,80686.79277
89,2,0,1677.7716,1294.386108,1266.219808,28.16629991,25375.04496,25000,52641.99322
89,3,0,803.7536,1323.808999,1295.002446,28.80655241,25951.84902,25000,158508.1895
90,1,0,0,697.6748044,682.4931537,15.18165071,13677.1628,25000,69363.95557
90,2,310.9772038,1543.89,1200.262657,1478.354746,32.88511432,29626.22912,25000,57268.22234
90,3,129.6835645,622.0504,1145.571426,1247.50499,27.75,25000,25000,158508.1895
91,1,0,0,859.3544936,840.6546357,18.69985798,16846.7189,25000,61210.67447
91,2,0,1197.8309,1199.344056,1173.245905,26.09815121,23511.84794,25000,55780.07028
91,3,0,616.8677,1092.056778,1068.293236,23.76354205,21408.59644,25000,154916.7859
92,1,0,0,1030.411949,1007.98982,22.42212876,20200.116,25000,56410.79047
92,2,0,855.2905,1181.625593,1155.913002,25.71259118,23164.49656,25000,53944.56684
92,3,284.4886665,1132.2066,1173.964536,1426.716744,31.73645795,28591.40356,25000,158508.1895
93,1,316.1261023,529.7381,1304.384045,1585.247273,35.26287443,31768.35534,25000,63179.14581
93,2,462.4849655,538.5586,1158.025182,1585.247273,35.26287443,31768.35534,25000,60712.92219
93,3,0,1207.9453,1088.953706,1065.257688,23.69601811,21347.76406,25000,154855.9535
94,1,0,0,895.7432603,876.2515699,19.49169042,17560.08146,25000,55739.22727
94,2,342.9216468,704.0371,1277.5885,1585.247273,35.26287443,31768.35534,25000,67481.27753
94,3,378.9789931,1050.2122,1082.577281,1429.752292,31.80398189,28652.23594,25000,158508.1895
95,1,282.8559394,423.3942,980.6815443,1236.042461,27.49502292,24770.29091,25000,55509.51818
95,2,328.668814,1126.4927,1291.841333,1585.247273,35.26287443,31768.35534,25000,74249.63287
95,3,318.815843,976.217,956.4391471,1247.50499,27.75,25000,25000,158508.1895
96,1,113.2857279,545.3256,827.8032609,920.6105593,20.47842952,18449.03561,25000,48958.55379
96,2,414.1222758,881.2905,1206.387871,1585.247273,35.26287443,31768.35534,25000,81017.98822
96,3,233.09369,1091.4587,1042.1613,1247.50499,27.75,25000,25000,158508.1895
97,1,0,84.8478,683.2279184,668.360637,14.86728135,13393.94717,25000,37352.50096
97,2,0,1311.7032,1286.847123,1258.844874,28.00224892,25227.25128,25000,81245.2395
97,3,256.4898936,703.8557,1018.765096,1247.50499,27.75,25000,25000,158508.1895
98,1,0,0,669.0807098,654.5212767,14.55943309,13116.60639,25000,25469.10734
98,2,0,2027.0949,1466.544452,1434.631925,31.9125264,28750.02378,25000,84995.26328
98,3,0,550.0455,907.3454746,887.6013159,19.74415871,17787.53037,25000,151295.7198
99,1,0,0,617.4205813,603.9852909,13.4352904,12103.86523,11881.79445,25691.17812
99,2,0,1990.766,1433.713501,1402.515388,31.19811329,28106.40837,25000,88101.67165
99,3,0,312.7343,787.3239904,770.1915416,17.13244873,15434.63849,25000,141730.3583
100,1,0,0,537.8803721,526.1759048,11.7044673,10544.56513,25000,11235.74325
100,2,243.4802943,244.0695,1224.977734,1436.503862,31.95416651,28787.5374,25000,91889.20905
100,3,0,590.9848,744.1521867,727.9591717,16.193015,14588.3018,25000,131318.6601
101,1,0,0,702.1174842,686.8391592,15.27832499,13764.25675,25000,0
101,2,35.23618998,35.3215,1063.654963,1074.978892,23.91226047,21542.577,25000,88431.78605
101,3,0,544.0494,642.7022505,628.716822,13.98542848,12599.48511,25000,118918.1452
102,1,0,0,791.1180848,773.9030752,17.21500957,15509.01763,15509.01763,0
102,2,0,573.6172,974.6575013,953.4486091,21.20889224,19107.11013,25000,82538.89617
102,3,0,909.1774,798.367939,780.9951701,17.37276896,15651.14321,25000,109569.2885
103,1,0,0,716.9074019,701.307243,15.60015884,14054.19715,14054.19715,0
103,2,0,33.1876,693.6785984,678.5839065,15.09469185,13598.82149,25000,71137.71766
103,3,0,733.368,699.2918451,684.0750071,15.21683809,13708.86314,25000,98278.1516
104,1,43.07552223,43.7929,1224.578343,1240.069268,27.58459683,24850.98814,13576.73532,11274.25282
104,2,0,418.4878,794.1237773,776.8433628,17.2804145,15567.94099,25000,61705.65865
104,3,0,1128.329,973.3630394,952.1823151,21.18072429,19081.73359,25000,92359.88519
105,1,0,0,921.6804445,901.6243517,20.05609273,18068.55201,25000,4342.804831
105,2,0,233.7004,471.4096555,461.1516146,10.25804097,9241.478356,25000,45947.13701
105,3,0,1352.0833,1023.2238,1000.958088,22.26571208,20059.20008,25000,87419.08527
106,1,97.09672974,97.1461,956.630919,1030.798162,22.92948664,20657.19517,25000,0
106,2,0,60.7786,159.1435064,155.6804874,3.463019034,3119.836967,25000,24066.97397
106,3,410.1590593,1205.9582,954.1866226,1334.657037,29.68864499,26746.52702,25000,89165.61229
107,1,475.1565726,682.5093,1145.353574,1585.247273,35.26287443,31768.35534,25000,6768.355343
107,2,0,66.9119,505.496253,494.4964756,10.9997774,9909.709372,25000,8976.683345
107,3,0,1061.2586,855.9607686,837.3347592,18.62600932,16780.18858,25000,80945.80086
108,1,448.4749664,815.2205,1050.831798,1466.681319,32.62544593,29392.29363,25000,11160.64897
108,2,0,387.8513,817.3525808,799.5666993,17.78588149,16023.31665,25000,0
108,3,476.1005881,1553.8967,1144.409559,1585.247273,35.26287443,31768.35534,25000,87714.1562
109,1,419.3337521,703.736,1040.432827,1428.001541,31.76503749,28617.15089,25000,14777.79986
109,2,335.5479633,986.8472,939.7070267,1247.50499,27.75,25000,25000,0
109,3,291.2185901,1664.6085,1329.291557,1585.247273,35.26287443,31768.35534,25000,94482.51155
110,1,105.7819301,114.2882,938.4125648,1021.472453,22.72204183,20470.30796,25000,10248.10782
110,2,124.0920829,1469.8457,1151.162907,1247.50499,27.75,25000,25000,0
110,3,372.4403173,1489.9728,1248.06983,1585.247273,35.26287443,31768.35534,25000,101250.8669
111,1,0,0,874.1832755,855.160738,19.02253752,17137.42119,16518.45515,10867.07386
111,2,305.0883716,1730.1873,1315.421775,1585.247273,35.26287443,31768.35534,25000,6768.355343
111,3,438.3490061,1469.378,1182.161141,1585.247273,35.26287443,31768.35534,25000,108019.2222
112,1,0,47.1893,720.9233832,705.2358352,15.68754801,14132.92614,25000,0
112,2,83.66295491,1762.2017,1359.764874,1412.018328,31.4095005,28296.8473,25000,10065.20264
112,3,503.7974226,1138.4623,1116.712724,1585.247273,35.26287443,31768.35534,25000,114787.5776
113,1,0,0,852.0816952,833.5400959,18.54159931,16704.14352,0,16704.14352
113,2,0,1527.5882,1265.679368,1238.137737,27.54163108,24812.28025,25000,9877.482895
113,3,0,958.1946,995.9442102,974.2721116,21.67209856,19524.41312,25000,109311.9907
114,1,0,0,666.3881766,651.887334,14.50084261,13063.82217,0,29767.96569
114,2,0,1310.3139,1217.498219,1191.005027,26.49319222,23867.74073,25000,8745.22363
114,3,0,868.1984,1009.416204,987.45095,21.96525391,19788.51704,25000,104100.5077
115,1,0,0,777.5084138,760.5895555,16.91885831,15242.21469,25000,20010.18039
115,2,0,1184.884,1232.1099,1205.298752,26.81114756,24154.18699,25000,7899.410624
115,3,0,715.4108,1010.470952,988.4827464,21.9882056,19809.19424,25000,98909.70197
116,1,0,0,593.9635974,581.0387393,12.92485813,11644.01634,21334.64723,10319.54949
116,2,0,693.5849,1061.626173,1038.524812,23.10136132,20812.03722,25000,3711.447848
116,3,0,934.8396,1019.952486,997.7579586,22.19452714,19995.06949,25000,93904.77146
117,1,0,91.8357,748.8527106,732.5574105,16.29530006,14680.45051,25000,0
117,2,0,327.4625,1085.933294,1062.303002,23.63029289,21288.55215,25000,0
117,3,84.52965766,544.4486,846.9704461,911.2303317,20.26977199,18261.05585,25000,87165.82731
118,1,0,0,550.7970087,538.8114708,11.98553788,10797.78187,10797.78187,0
118,2,0,793.6136,1299.155645,1270.885559,28.27008672,25468.54659,25000,468.5465944
118,3,159.9555253,586.9837,893.2229442,1030.260933,22.9175363,20646.4291,25000,82812.25641
119,1,0,0,710.6096111,695.1464944,15.46311668,13930.73575,13930.73575,0
119,2,0,1329.4672,1347.554644,1318.231378,29.32326607,26417.35682,25000,1885.903412
119,3,40.33487749,357.312,861.607817,882.3161022,19.6265923,17681.61469,25000,75493.8711
120,1,0,0,695.6554045,680.5176966,15.13770785,13637.57464,13637.57464,0
120,2,182.1779763,1247.6802,1422.480085,1569.740134,34.91792744,31457.59229,25000,8343.495698
120,3,499.7702066,902.8082,1120.73994,1585.247273,35.26287443,31768.35534,25000,82262.22644
121,1,330.3275675,330.519,1270.036368,1565.539449,34.82448573,31373.41057,25000,6373.410567
121,2,0,1283.4981,1332.087297,1303.100606,28.98669112,26114.13614,25000,9457.631839
121,3,270.5591527,1276.3847,1349.950994,1585.247273,35.26287443,31768.35534,25000,89030.58178
122,1,294.1160325,294.8613,1286.038949,1545.77025,34.38473175,30977.23581,25000,12350.64637
122,2,0,1541.9626,1186.454601,1160.636929,25.8176721,23259.16406,25000,7716.795897
122,3,405.9198315,654.8969,1092.693263,1466.002743,32.61035142,29378.69497,25000,93409.27676
123,1,198.9468975,414.334,1421.56325,1585.247273,35.26287443,31768.35534,25000,19119.00172
123,2,0,1835.8703,1340.801296,1311.624985,29.17631082,26284.9647,25000,9001.760601
123,3,147.8822653,332.9272,977.4381972,1100.833091,24.48737161,22060.69514,25000,90469.9719
124,1,150.4301477,411.581,1470.079999,1585.247273,35.26287443,31768.35534,25000,25887.35706
124,2,0,1063.8716,1422.628427,1391.671529,30.95689817,27889.09745,25000,11890.85805
124,3,317.3718481,544.1707,1086.125066,1372.956325,30.54058967,27514.04475,25000,92984.01665
125,1,0,0,1162.491104,1137.194887,25.29621793,22789.38553,25000,23676.74259
125,2,0,970.4437,1456.298261,1424.608695,31.68956566,28549.15825,25000,15440.0163
125,3,416.7128745,627.2317,1203.797273,1585.247273,35.26287443,31768.35534,25000,99752.37199
126,1,116.015029,116.2958,1243.927656,1330.349851,29.59283422,26660.21101,25000,25336.95359
126,2,302.5467889,1096.6569,1317.963358,1585.247273,35.26287443,31768.35534,25000,22208.37164
126,3,448.8330351,763.6449,1171.677112,1585.247273,35.26287443,31768.35534,25000,106520.7273
127,1,242.2086632,242.7948,1290.80473,1499.654479,33.35891409,30053.07576,25000,30390.02935
127,2,210.8477034,935.4247,1409.662444,1585.247273,35.26287443,31768.35534,25000,28976.72699
127,3,0,114.5841,841.9504679,823.6293277,18.32114022,16505.53173,25000,98026.25906
128,1,257.8927635,812.9017,1362.617384,1585.247273,35.26287443,31768.35534,25000,37158.3847
128,2,0,156.8023,728.2708048,712.4233743,15.84743051,14276.96442,25000,18253.69141
128,3,262.2916699,508.6069,990.8622491,1225.884846,27.26907287,24566.73232,25000,97592.99138
129,1,347.1334138,403.99,1273.376733,1585.247273,35.26287443,31768.35534,25000,43926.74004
129,2,168.6960569,215.391,1151.997999,1291.955286,28.73877016,25890.78393,25000,19144.47534
129,3,347.8958889,1191.5839,1272.614258,1585.247273,35.26287443,31768.35534,25000,104361.3467
130,1,250.2198708,664.9041,1370.290276,1585.247273,35.26287443,31768.35534,25000,50695.09538
130,2,217.4701619,366.6778,1403.039985,1585.247273,35.26287443,31768.35534,25000,25912.83068
130,3,334.7740591,1139.874,1285.736088,1585.247273,35.26287443,31768.35534,25000,111129.7021
131,1,166.1989935,976.4705,1454.311154,1585.247273,35.26287443,31768.35534,25000,57463.45072
131,2,205.2296412,679.5918,1415.280506,1585.247273,35.26287443,31768.35534,25000,32681.18602
131,3,371.5326082,962.4256,1248.977539,1585.247273,35.26287443,31768.35534,25000,117898.0574
132,1,150.3007611,1139.2781,1470.209386,1585.247273,35.26287443,31768.35534,25000,64231.80607
132,2,172.8030969,1168.9097,1447.70705,1585.247273,35.26287443,31768.35534,25000,39449.54137
132,3,384.4583727,1295.2724,1236.051774,1585.247273,35.26287443,31768.35534,25000,124666.4128
133,1,184.7565596,1042.48,1435.753587,1585.247273,35.26287443,31768.35534,25000,71000.16141
133,2,220.2685102,1307.565,1400.241637,1585.247273,35.26287443,31768.35534,25000,46217.89671
133,3,289.4394826,1582.4255,1331.070664,1585.247273,35.26287443,31768.35534,25000,131434.7681
134,1,136.643972,136.9746,1137.232345,1246.156318,27.7199996,24972.97261,25000,70973.13402
134,2,0,1485.317,1358.936614,1329.365672,29.57094175,26640.48807,25000,47858.38478
134,3,257.1345003,1441.1184,1363.375647,1585.247273,35.26287443,31768.35534,25000,138203.1234
135,1,232.2536425,232.8157,1226.538992,1427.048791,31.74384412,28598.05777,25000,74571.19179
135,2,0,1600.9796,1350.822999,1321.428613,29.39438663,26481.4294,25000,49339.81417
135,3,363.979267,1271.9642,1256.53088,1585.247273,35.26287443,31768.35534,25000,144971.4788
136,1,51.37439485,51.4987,1161.524698,1186.505979,26.39311361,23777.57983,25000,73348.77161
136,2,0,1625.5863,1362.815977,1333.160619,29.65535807,26716.53881,25000,51056.35298
136,3,385.9470137,993.2702,1234.563133,1585.247273,35.26287443,31768.35534,25000,151739.8341
137,1,0,0,981.9448439,960.5773765,21.36746739,19249.97063,25000,67598.74224
137,2,0,1182.0444,1214.484628,1188.057012,26.42761541,23808.66253,25000,49865.01551
137,3,295.9386733,1063.2183,1324.571474,1585.247273,35.26287443,31768.35534,25000,158508.1895
138,1,0,0,841.3571993,823.0489688,18.30823048,16493.90134,25000,59092.64357
138,2,0,634.2103,1004.6219,982.7609718,21.86092816,19694.52988,25000,44559.54538
138,3,217.2095063,230.1829,966.9866148,1158.427594,25.76852678,23214.88899,25000,156723.0785
139,1,0,0,865.8268035,846.9861057,18.84069773,16973.60156,25000,51066.24513
139,2,0,587.3046,967.2455078,946.1979031,21.04760464,18961.80598,25000,38521.35136
139,3,0,0,759.8274448,743.2933307,16.53411416,14895.59835,25000,146618.6768
140,1,0,0,1057.359243,1034.350732,23.00851141,20728.38866,25000,46794.63379
140,2,0,486.2118,1049.976015,1027.128165,22.84784976,20583.64843,25000,34104.9998
140,3,0,29.1682,687.0613548,672.1106565,14.95069829,13469.09756,25000,135087.7744
141,1,0,35.3776,904.8740117,885.1836329,19.6903788,17739.08,25000,39533.7138
141,2,0,728.0684,1189.214033,1163.336315,25.87771833,23313.25975,25000,32418.25955
141,3,0,0,869.3745888,850.45669,18.91789879,17043.15207,25000,127130.9264
142,1,41.45528802,41.5556,1212.160896,1226.337052,27.27913192,24575.79453,25000,39109.50832
142,2,0,1315.5876,1279.149758,1251.315007,27.83475153,25076.35273,25000,32494.61228
142,3,0,0,731.1915183,715.2805321,15.91098627,14334.22186,25000,116465.1483
143,1,265.839071,414.2579,1354.671076,1585.247273,35.26287443,31768.35534,25000,45877.86367
143,2,0,1141.1178,1131.335352,1106.717094,24.61825772,22178.61056,25000,29673.22284
143,3,0,0,795.355953,778.0487259,17.30722708,15592.09647,25000,107057.2448
144,1,135.8319977,136.1607,1232.493558,1338.550307,29.77524845,26824.54815,25000,47702.41182
144,2,0,1076.1731,1101.700161,1077.726775,23.97338548,21597.64458,25000,26270.86742
144,3,79.206,79.206,875.0318673,933.4733136,20.76455378,18706.8052,25000,100764.05
145,1,325.8204261,533.319,1294.689721,1585.247273,35.26287443,31768.35534,25000,54470.76716
145,2,0,1154.2756,1154.285423,1129.167764,25.1176594,22628.52198,25000,23899.38941
145,3,86.68460539,216.0235,799.7370241,867.1327811,19.28884843,17377.34093,25000,93141.3909
146,1,396.7055464,413.7678,1223.804601,1585.247273,35.26287443,31768.35534,25000,61239.1225
146,2,0,1120.6926,1109.329497,1085.190094,24.13940253,21747.20949,25000,20646.59889
146,3,0,0,784.7227296,767.6468852,17.07584437,15383.64358,25000,83525.03448
147,1,352.7975124,597.8852,1267.712635,1585.247273,35.26287443,31768.35534,25000,68007.47785
147,2,0,1152.9595,1036.839622,1014.277625,22.5619972,20326.1236,25000,15972.7225
147,3,0,0,673.9181416,659.2534443,14.66469732,13211.43902,25000,71736.4735
148,1,232.7798377,765.3031,1387.730309,1585.247273,35.26287443,31768.35534,25000,74775.83319
148,2,0,1195.9469,1156.863315,1131.68956,25.17375524,22679.05878,25000,13651.78127
148,3,0,0,876.997532,857.9137552,19.08377674,17192.59165,25000,63929.06515
149,1,0,0,788.8170533,771.652115,17.16493831,15463.90838,25000,65239.74157
149,2,0,1376.8552,1357.14917,1327.617123,29.53204634,26605.44715,25000,15257.22843
149,3,67.34596275,67.507,1056.677653,1099.564464,24.45915177,22035.27187,25000,60964.33702
150,1,0,0,497.0578776,486.2417223,10.81615537,9744.284114,25000,49984.02569
150,2,0,1120.0557,1379.244992,1349.232133,30.01285926,27038.61194,25000,17295.84037
150,3,0,0,811.9218775,794.25417,17.66770746,15916.85357,25000,51881.19059
151,1,0,0,634.8079562,620.9943104,13.81364584,12444.72598,25000,37428.75167
151,2,0,682.037,1268.075718,1240.481942,27.59377651,24859.25811,25000,17155.09848
151,3,0,0,820.6840196,802.8256448,17.85837477,16088.62592,25000,42969.81651
152,1,519.621912,915.4961,1040.099749,1525.781565,33.94009545,30576.66257,25000,43005.41423
152,2,236.2213291,236.793,1287.718523,1490.778382,33.16147063,29875.19877,25000,22030.29725
152,3,0,0,859.8339243,841.1236338,18.71029056,16856.11762,25000,34825.93413
153,1,329.9466054,356.7975,1011.333927,1312.093793,29.18673917,26294.35961,25000,44299.77384
153,2,318.1452938,318.9973,1261.758069,1545.524107,34.37925644,30972.3031,25000,28002.60035
153,3,500.0578653,676.412,1120.452282,1585.247273,35.26287443,31768.35534,25000,41594.28947
154,1,257.5202515,1136.443,1362.989896,1585.247273,35.26287443,31768.35534,25000,51068.12919
154,2,259.5263367,517.6962,1360.98381,1585.247273,35.26287443,31768.35534,25000,34770.95569
154,3,0,41.5867,279.7798425,273.691734,6.088108409,5484.78235,25000,22079.07182
155,1,398.5823116,1246.3165,1221.927835,1585.247273,35.26287443,31768.35534,25000,57836.48453
155,2,275.3881607,635.2016,1345.121986,1585.247273,35.26287443,31768.35534,25000,41539.31104
155,3,450.8299937,513.8448,1169.680153,1585.247273,35.26287443,31768.35534,25000,28847.42717
156,1,510.7012197,950.2659,1109.808927,1585.247273,35.26287443,31768.35534,25000,64604.83987
156,2,0,1051.2649,1360.162058,1330.56445,29.59760786,26664.51158,25000,43203.82262
156,3,281.2051865,467.8313,936.4469001,1191.155546,26.49654043,23870.75715,25000,27718.18431
157,1,417.06325,1054.0853,1203.446897,1585.247273,35.26287443,31768.35534,25000,71373.19522
157,2,0,1233.2751,1409.1783,1378.514081,30.66421862,27625.42218,25000,45829.2448
157,3,353.8388779,850.8347,947.8573425,1273.37085,28.32537053,25518.35183,25000,28236.53614
158,1,149.972,149.972,981.3695265,1106.723134,24.61839209,22178.73161,25000,68551.92683
158,2,0,1131.0829,1222.508769,1195.906545,26.60222355,23965.96717,25000,44795.21197
158,3,226.6537679,650.5467,868.7992728,1071.615595,23.83744594,21475.17652,25000,24711.71266
159,1,247.0796,247.0796,1018.679598,1238.21583,27.54336821,24813.84523,25000,68365.77206
159,2,0,1051.9946,1059.694868,1036.635532,23.05933543,20774.17607,25000,40569.38803
159,3,0,249.1122,765.7061428,749.0441061,16.66203671,15010.84389,25000,14722.55655
160,1,0,0,834.7399557,816.5757188,18.16423692,16364.17741,25000,59729.94947
160,2,0,815.188,880.5932592,861.4312381,19.16202103,17263.08201,25000,32832.47004
160,3,111.132587,261.4611,839.0753913,929.5311164,20.67686197,18627.80357,25000,8350.360121
161,1,0,0,733.4733263,717.5126871,15.96063922,14378.95425,25000,49108.90371
161,2,0,390.9861,817.2613084,799.477413,17.78389537,16021.52736,25000,23853.9974
161,3,294.9965268,375.515,928.0568676,1196.43932,26.6140748,23976.64396,25000,7327.004085
162,1,0,0,403.5695535,394.7877372,8.781816341,7911.546253,25000,32020.44997
162,2,247.8349832,343.8913,982.0886725,1203.160082,26.76357412,24111.32803,25000,22965.32543
162,3,0,0,803.6160975,786.1291268,17.48697075,15754.0277,11468.76115,11612.27064
163,1,0,0,761.7677419,745.1914062,16.57633572,14933.63578,25000,21954.08575
163,2,277.0427262,367.3865,1009.607977,1258.652729,27.99797476,25223.40069,25000,23188.72612
163,3,0,0,682.9107468,668.0503672,14.86037959,13387.72936,25000,0
164,1,0,0,815.069252,797.3330566,17.73619544,15978.55445,25000,12932.6402
164,2,0,159.1447,959.7024692,938.8190037,20.88346545,18813.93283,25000,17002.65896
164,3,0,0,784.4296045,767.3601386,17.06946587,15377.89718,4313.106185,11064.79099
165,1,0,0,843.0913727,824.7454059,18.34596671,16527.89794,25000,4460.538138
165,2,0,90.0876,797.1357633,779.789807,17.34595638,15626.98773,25000,7629.646687
165,3,0,0,710.8377929,695.3697109,15.468082,13935.20901,25000,0
166,1,7.718185874,7.7366,1040.003863,1024.923247,22.79880267,20539.46186,25000,0
166,2,0,833.5239,999.3961088,977.6488957,21.7472131,19592.08387,25000,2221.730556
166,3,0,0,848.8415288,830.3704367,18.47109214,16640.62355,16640.62355,0
167,1,110.4764603,453.895,1164.77853,1247.50499,27.75,25000,25000,0
167,2,0,988.0428,1163.25358,1137.94077,25.31280966,22804.33303,25000,26.06358488
167,3,0,0,796.5424932,779.2094466,17.33304661,15615.35731,12130.07935,3485.277965
168,1,1.224706444,477.7642,1274.030284,1247.50499,27.75,25000,25000,0
168,2,101.4399037,1062.7963,1172.485578,1246.204412,27.72106942,24973.93642,25000,0
168,3,98.82686163,98.8771,998.6434037,1073.588924,23.88134146,21514.72203,25000,0
