timestamp,season,series,CF
2025-01-01 00:00:00,WINTER,CF_bus2_WINTER,0.19155068366904177
2025-01-01 01:00:00,WINTER,CF_bus2_WINTER,0.02328930806851039
2025-01-01 02:00:00,WINTER,CF_bus2_WINTER,0.12454455852812828
2025-01-01 03:00:00,WINTER,CF_bus2_WINTER,0.07143395892289575
2025-01-01 04:00:00,WINTER,CF_bus2_WINTER,0.09112063695001785
2025-01-01 05:00:00,WINTER,CF_bus2_WINTER,0.02268057614791993
2025-01-01 06:00:00,WINTER,CF_bus2_WINTER,0.018123864795176504
2025-01-01 07:00:00,WINTER,CF_bus2_WINTER,0.01870351323170054
2025-01-01 08:00:00,WINTER,CF_bus2_WINTER,0.024956662434201495
2025-01-01 09:00:00,WINTER,CF_bus2_WINTER,0.2911970070608534
2025-01-01 10:00:00,WINTER,CF_bus2_WINTER,0.41217283235769725
2025-01-01 11:00:00,WINTER,CF_bus2_WINTER,1.0
2025-01-01 12:00:00,WINTER,CF_bus2_WINTER,1.0
2025-01-01 13:00:00,WINTER,CF_bus2_WINTER,1.0
2025-01-01 14:00:00,WINTER,CF_bus2_WINTER,1.0
2025-01-01 15:00:00,WINTER,CF_bus2_WINTER,1.0
2025-01-01 16:00:00,WINTER,CF_bus2_WINTER,1.0
2025-01-01 17:00:00,WINTER,CF_bus2_WINTER,0.9982885181040743
2025-01-01 18:00:00,WINTER,CF_bus2_WINTER,0.9321963127832129
2025-01-01 19:00:00,WINTER,CF_bus2_WINTER,0.701064057301265
2025-01-01 20:00:00,WINTER,CF_bus2_WINTER,0.4873285009834689
2025-01-01 21:00:00,WINTER,CF_bus2_WINTER,1.0
2025-01-01 22:00:00,WINTER,CF_bus2_WINTER,0.7758130110280921
2025-01-01 23:00:00,WINTER,CF_bus2_WINTER,1.0
2025-01-02 00:00:00,WINTER,CF_bus2_WINTER,1.0
2025-01-02 01:00:00,WINTER,CF_bus2_WINTER,0.34893631601423997
2025-01-02 02:00:00,WINTER,CF_bus2_WINTER,0.12052568181692874
2025-01-02 03:00:00,WINTER,CF_bus2_WINTER,0.049381639558434075
2025-01-02 04:00:00,WINTER,CF_bus2_WINTER,0.02386633206325368
2025-01-02 05:00:00,WINTER,CF_bus2_WINTER,0.010414987870632086
2025-01-02 06:00:00,WINTER,CF_bus2_WINTER,0.018252425888684372
2025-01-02 07:00:00,WINTER,CF_bus2_WINTER,0.0015550946746672332
2025-01-02 08:00:00,WINTER,CF_bus2_WINTER,0.0
2025-01-02 09:00:00,WINTER,CF_bus2_WINTER,0.06374134997018462
2025-01-02 10:00:00,WINTER,CF_bus2_WINTER,0.05295042506383842
2025-01-02 11:00:00,WINTER,CF_bus2_WINTER,0.40757628441506
2025-01-02 12:00:00,WINTER,CF_bus2_WINTER,0.47272429395225923
2025-01-02 13:00:00,WINTER,CF_bus2_WINTER,1.0
2025-01-02 14:00:00,WINTER,CF_bus2_WINTER,1.0
2025-01-02 15:00:00,WINTER,CF_bus2_WINTER,0.4376805503817148
2025-01-02 16:00:00,WINTER,CF_bus2_WINTER,0.3884248360673004
2025-01-02 17:00:00,WINTER,CF_bus2_WINTER,0.10158239990455033
2025-01-02 18:00:00,WINTER,CF_bus2_WINTER,0.010873170554860073
2025-01-02 19:00:00,WINTER,CF_bus2_WINTER,0.13451382192375627
2025-01-02 20:00:00,WINTER,CF_bus2_WINTER,0.21187710198275797
2025-01-02 21:00:00,WINTER,CF_bus2_WINTER,0.3591325899020558
2025-01-02 22:00:00,WINTER,CF_bus2_WINTER,0.20808549138765192
2025-01-02 23:00:00,WINTER,CF_bus2_WINTER,0.468171653047495
2025-01-03 00:00:00,WINTER,CF_bus2_WINTER,0.24395570045663448
2025-01-03 01:00:00,WINTER,CF_bus2_WINTER,0.11838635668584656
2025-01-03 02:00:00,WINTER,CF_bus2_WINTER,0.1479242039358929
2025-01-03 03:00:00,WINTER,CF_bus2_WINTER,0.026995701983519804
2025-01-03 04:00:00,WINTER,CF_bus2_WINTER,0.0
2025-01-03 05:00:00,WINTER,CF_bus2_WINTER,0.0
2025-01-03 06:00:00,WINTER,CF_bus2_WINTER,0.0931158687393043
2025-01-03 07:00:00,WINTER,CF_bus2_WINTER,0.7034461122972948
2025-01-03 08:00:00,WINTER,CF_bus2_WINTER,0.9875389094322644
2025-01-03 09:00:00,WINTER,CF_bus2_WINTER,0.5494210880045661
2025-01-03 10:00:00,WINTER,CF_bus2_WINTER,0.41666982814182224
2025-01-03 11:00:00,WINTER,CF_bus2_WINTER,0.9668963472115916
2025-01-03 12:00:00,WINTER,CF_bus2_WINTER,0.587119390373517
2025-01-03 13:00:00,WINTER,CF_bus2_WINTER,1.0
2025-01-03 14:00:00,WINTER,CF_bus2_WINTER,0.9028635570707828
2025-01-03 15:00:00,WINTER,CF_bus2_WINTER,1.0
2025-01-03 16:00:00,WINTER,CF_bus2_WINTER,1.0
2025-01-03 17:00:00,WINTER,CF_bus2_WINTER,0.6583930877139307
2025-01-03 18:00:00,WINTER,CF_bus2_WINTER,1.0
2025-01-03 19:00:00,WINTER,CF_bus2_WINTER,1.0
2025-01-03 20:00:00,WINTER,CF_bus2_WINTER,0.3940620046952134
2025-01-03 21:00:00,WINTER,CF_bus2_WINTER,0.192049674431924
2025-01-03 22:00:00,WINTER,CF_bus2_WINTER,0.45518889251946565
2025-01-03 23:00:00,WINTER,CF_bus2_WINTER,0.4319609523125919
2025-01-04 00:00:00,WINTER,CF_bus2_WINTER,0.27972164410319295
2025-01-04 01:00:00,WINTER,CF_bus2_WINTER,0.5351095478319028
2025-01-04 02:00:00,WINTER,CF_bus2_WINTER,0.3018245608840655
2025-01-04 03:00:00,WINTER,CF_bus2_WINTER,0.31989903343657383
2025-01-04 04:00:00,WINTER,CF_bus2_WINTER,0.19584115423783457
2025-01-04 05:00:00,WINTER,CF_bus2_WINTER,0.06514748859924557
2025-01-04 06:00:00,WINTER,CF_bus2_WINTER,0.3626133371822557
2025-01-04 07:00:00,WINTER,CF_bus2_WINTER,0.5286156965709689
2025-01-04 08:00:00,WINTER,CF_bus2_WINTER,0.34973274639300256
2025-01-04 09:00:00,WINTER,CF_bus2_WINTER,0.3626222072002041
2025-01-04 10:00:00,WINTER,CF_bus2_WINTER,0.037530567310691605
2025-01-04 11:00:00,WINTER,CF_bus2_WINTER,0.053173029283399426
2025-01-04 12:00:00,WINTER,CF_bus2_WINTER,0.0
2025-01-04 13:00:00,WINTER,CF_bus2_WINTER,0.0
2025-01-04 14:00:00,WINTER,CF_bus2_WINTER,0.0
2025-01-04 15:00:00,WINTER,CF_bus2_WINTER,0.0
2025-01-04 16:00:00,WINTER,CF_bus2_WINTER,0.0
2025-01-04 17:00:00,WINTER,CF_bus2_WINTER,0.00850270211121256
2025-01-04 18:00:00,WINTER,CF_bus2_WINTER,0.0
2025-01-04 19:00:00,WINTER,CF_bus2_WINTER,0.0
2025-01-04 20:00:00,WINTER,CF_bus2_WINTER,0.0
2025-01-04 21:00:00,WINTER,CF_bus2_WINTER,0.0
2025-01-04 22:00:00,WINTER,CF_bus2_WINTER,0.0
2025-01-04 23:00:00,WINTER,CF_bus2_WINTER,0.0
2025-01-05 00:00:00,WINTER,CF_bus2_WINTER,0.0
2025-01-05 01:00:00,WINTER,CF_bus2_WINTER,0.0
2025-01-05 02:00:00,WINTER,CF_bus2_WINTER,0.0
2025-01-05 03:00:00,WINTER,CF_bus2_WINTER,0.0
2025-01-05 04:00:00,WINTER,CF_bus2_WINTER,0.0
2025-01-05 05:00:00,WINTER,CF_bus2_WINTER,0.0
2025-01-05 06:00:00,WINTER,CF_bus2_WINTER,0.03119343568049252
2025-01-05 07:00:00,WINTER,CF_bus2_WINTER,0.10697448099868047
2025-01-05 08:00:00,WINTER,CF_bus2_WINTER,0.11371151067546649
2025-01-05 09:00:00,WINTER,CF_bus2_WINTER,0.18736193797342135
2025-01-05 10:00:00,WINTER,CF_bus2_WINTER,0.10165860357100587
2025-01-05 11:00:00,WINTER,CF_bus2_WINTER,0.20294422450991687
2025-01-05 12:00:00,WINTER,CF_bus2_WINTER,0.34482792423900843
2025-01-05 13:00:00,WINTER,CF_bus2_WINTER,0.12455464854121275
2025-01-05 14:00:00,WINTER,CF_bus2_WINTER,0.015586686844478547
2025-01-05 15:00:00,WINTER,CF_bus2_WINTER,0.0
2025-01-05 16:00:00,WINTER,CF_bus2_WINTER,0.0
2025-01-05 17:00:00,WINTER,CF_bus2_WINTER,0.0
2025-01-05 18:00:00,WINTER,CF_bus2_WINTER,0.07083097120034769
2025-01-05 19:00:00,WINTER,CF_bus2_WINTER,0.0
2025-01-05 20:00:00,WINTER,CF_bus2_WINTER,0.07469767243943062
2025-01-05 21:00:00,WINTER,CF_bus2_WINTER,0.08978102757508215
2025-01-05 22:00:00,WINTER,CF_bus2_WINTER,0.030059617460602508
2025-01-05 23:00:00,WINTER,CF_bus2_WINTER,0.0
2025-01-06 00:00:00,WINTER,CF_bus2_WINTER,0.0
2025-01-06 01:00:00,WINTER,CF_bus2_WINTER,0.08638223337193675
2025-01-06 02:00:00,WINTER,CF_bus2_WINTER,0.08113455281677255
2025-01-06 03:00:00,WINTER,CF_bus2_WINTER,1.0
2025-01-06 04:00:00,WINTER,CF_bus2_WINTER,0.6044064062613613
2025-01-06 05:00:00,WINTER,CF_bus2_WINTER,1.0
2025-01-06 06:00:00,WINTER,CF_bus2_WINTER,0.42405635721801554
2025-01-06 07:00:00,WINTER,CF_bus2_WINTER,0.4028668088571226
2025-01-06 08:00:00,WINTER,CF_bus2_WINTER,0.2158512537096074
2025-01-06 09:00:00,WINTER,CF_bus2_WINTER,0.34477229137263593
2025-01-06 10:00:00,WINTER,CF_bus2_WINTER,0.4913042798801452
2025-01-06 11:00:00,WINTER,CF_bus2_WINTER,0.18685069118330816
2025-01-06 12:00:00,WINTER,CF_bus2_WINTER,0.3655761850824112
2025-01-06 13:00:00,WINTER,CF_bus2_WINTER,0.06463385210416388
2025-01-06 14:00:00,WINTER,CF_bus2_WINTER,0.07217586482648784
2025-01-06 15:00:00,WINTER,CF_bus2_WINTER,0.39487556663354556
2025-01-06 16:00:00,WINTER,CF_bus2_WINTER,0.38417326447353434
2025-01-06 17:00:00,WINTER,CF_bus2_WINTER,1.0
2025-01-06 18:00:00,WINTER,CF_bus2_WINTER,0.921329178705512
2025-01-06 19:00:00,WINTER,CF_bus2_WINTER,1.0
2025-01-06 20:00:00,WINTER,CF_bus2_WINTER,0.5924863778125128
2025-01-06 21:00:00,WINTER,CF_bus2_WINTER,1.0
2025-01-06 22:00:00,WINTER,CF_bus2_WINTER,1.0
2025-01-06 23:00:00,WINTER,CF_bus2_WINTER,1.0
2025-01-07 00:00:00,WINTER,CF_bus2_WINTER,0.10373195671649071
2025-01-07 01:00:00,WINTER,CF_bus2_WINTER,0.041299819878676265
2025-01-07 02:00:00,WINTER,CF_bus2_WINTER,0.14727371895454502
2025-01-07 03:00:00,WINTER,CF_bus2_WINTER,0.3743919562328239
2025-01-07 04:00:00,WINTER,CF_bus2_WINTER,0.9697006695774145
2025-01-07 05:00:00,WINTER,CF_bus2_WINTER,0.7597082989294459
2025-01-07 06:00:00,WINTER,CF_bus2_WINTER,0.8905152902163497
2025-01-07 07:00:00,WINTER,CF_bus2_WINTER,0.6812572832239768
2025-01-07 08:00:00,WINTER,CF_bus2_WINTER,0.8146600979032708
2025-01-07 09:00:00,WINTER,CF_bus2_WINTER,0.9723586077735036
2025-01-07 10:00:00,WINTER,CF_bus2_WINTER,0.9706746644932552
2025-01-07 11:00:00,WINTER,CF_bus2_WINTER,0.5088412593927923
2025-01-07 12:00:00,WINTER,CF_bus2_WINTER,0.08115266787371479
2025-01-07 13:00:00,WINTER,CF_bus2_WINTER,0.0
2025-01-07 14:00:00,WINTER,CF_bus2_WINTER,0.0
2025-01-07 15:00:00,WINTER,CF_bus2_WINTER,0.002868548962872899
2025-01-07 16:00:00,WINTER,CF_bus2_WINTER,0.05310833197531876
2025-01-07 17:00:00,WINTER,CF_bus2_WINTER,0.23121114398722017
2025-01-07 18:00:00,WINTER,CF_bus2_WINTER,0.30949899155935146
2025-01-07 19:00:00,WINTER,CF_bus2_WINTER,0.05884713957647953
2025-01-07 20:00:00,WINTER,CF_bus2_WINTER,0.035529560477367036
2025-01-07 21:00:00,WINTER,CF_bus2_WINTER,0.07523420189732855
2025-01-07 22:00:00,WINTER,CF_bus2_WINTER,0.024161363608776108
2025-01-07 23:00:00,WINTER,CF_bus2_WINTER,0.0014712465772656177
2025-01-01 00:00:00,WINTER,CF_bus3_WINTER,0.1958007366631085
2025-01-01 01:00:00,WINTER,CF_bus3_WINTER,0.07257594068257718
2025-01-01 02:00:00,WINTER,CF_bus3_WINTER,0.40962493445538256
2025-01-01 03:00:00,WINTER,CF_bus3_WINTER,0.11236126644788688
2025-01-01 04:00:00,WINTER,CF_bus3_WINTER,0.07814786699271473
2025-01-01 05:00:00,WINTER,CF_bus3_WINTER,0.14515977259501334
2025-01-01 06:00:00,WINTER,CF_bus3_WINTER,0.32618179511297307
2025-01-01 07:00:00,WINTER,CF_bus3_WINTER,0.4397422701405714
2025-01-01 08:00:00,WINTER,CF_bus3_WINTER,0.8738441396967012
2025-01-01 09:00:00,WINTER,CF_bus3_WINTER,0.6403524136372323
2025-01-01 10:00:00,WINTER,CF_bus3_WINTER,1.0
2025-01-01 11:00:00,WINTER,CF_bus3_WINTER,0.8407611159911592
2025-01-01 12:00:00,WINTER,CF_bus3_WINTER,0.6732555187763001
2025-01-01 13:00:00,WINTER,CF_bus3_WINTER,0.10292551234917337
2025-01-01 14:00:00,WINTER,CF_bus3_WINTER,0.1274576586643435
2025-01-01 15:00:00,WINTER,CF_bus3_WINTER,0.06966008416819798
2025-01-01 16:00:00,WINTER,CF_bus3_WINTER,0.20983605590990093
2025-01-01 17:00:00,WINTER,CF_bus3_WINTER,0.14097233304556167
2025-01-01 18:00:00,WINTER,CF_bus3_WINTER,0.31632290385979067
2025-01-01 19:00:00,WINTER,CF_bus3_WINTER,0.29969158927685746
2025-01-01 20:00:00,WINTER,CF_bus3_WINTER,0.4782940649611602
2025-01-01 21:00:00,WINTER,CF_bus3_WINTER,0.09671107510618127
2025-01-01 22:00:00,WINTER,CF_bus3_WINTER,0.0535959553731575
2025-01-01 23:00:00,WINTER,CF_bus3_WINTER,0.20095891244789052
2025-01-02 00:00:00,WINTER,CF_bus3_WINTER,0.3946233567033186
2025-01-02 01:00:00,WINTER,CF_bus3_WINTER,0.5548897237442186
2025-01-02 02:00:00,WINTER,CF_bus3_WINTER,0.6599252075322425
2025-01-02 03:00:00,WINTER,CF_bus3_WINTER,0.3112645120405517
2025-01-02 04:00:00,WINTER,CF_bus3_WINTER,1.0
2025-01-02 05:00:00,WINTER,CF_bus3_WINTER,0.6941728153279425
2025-01-02 06:00:00,WINTER,CF_bus3_WINTER,1.0
2025-01-02 07:00:00,WINTER,CF_bus3_WINTER,0.14917483877411197
2025-01-02 08:00:00,WINTER,CF_bus3_WINTER,0.23882629925145427
2025-01-02 09:00:00,WINTER,CF_bus3_WINTER,0.12927051287280794
2025-01-02 10:00:00,WINTER,CF_bus3_WINTER,0.21930961830602094
2025-01-02 11:00:00,WINTER,CF_bus3_WINTER,0.461317532152289
2025-01-02 12:00:00,WINTER,CF_bus3_WINTER,0.3957780500871482
2025-01-02 13:00:00,WINTER,CF_bus3_WINTER,1.0
2025-01-02 14:00:00,WINTER,CF_bus3_WINTER,1.0
2025-01-02 15:00:00,WINTER,CF_bus3_WINTER,1.0
2025-01-02 16:00:00,WINTER,CF_bus3_WINTER,1.0
2025-01-02 17:00:00,WINTER,CF_bus3_WINTER,1.0
2025-01-02 18:00:00,WINTER,CF_bus3_WINTER,1.0
2025-01-02 19:00:00,WINTER,CF_bus3_WINTER,1.0
2025-01-02 20:00:00,WINTER,CF_bus3_WINTER,1.0
2025-01-02 21:00:00,WINTER,CF_bus3_WINTER,1.0
2025-01-02 22:00:00,WINTER,CF_bus3_WINTER,1.0
2025-01-02 23:00:00,WINTER,CF_bus3_WINTER,1.0
2025-01-03 00:00:00,WINTER,CF_bus3_WINTER,1.0
2025-01-03 01:00:00,WINTER,CF_bus3_WINTER,0.879691062390275
2025-01-03 02:00:00,WINTER,CF_bus3_WINTER,1.0
2025-01-03 03:00:00,WINTER,CF_bus3_WINTER,0.9879929827046424
2025-01-03 04:00:00,WINTER,CF_bus3_WINTER,0.8159892476555978
2025-01-03 05:00:00,WINTER,CF_bus3_WINTER,1.0
2025-01-03 06:00:00,WINTER,CF_bus3_WINTER,0.43400654712746367
2025-01-03 07:00:00,WINTER,CF_bus3_WINTER,1.0
2025-01-03 08:00:00,WINTER,CF_bus3_WINTER,0.3497539792430215
2025-01-03 09:00:00,WINTER,CF_bus3_WINTER,0.2166389054601977
2025-01-03 10:00:00,WINTER,CF_bus3_WINTER,0.23900375949700414
2025-01-03 11:00:00,WINTER,CF_bus3_WINTER,0.08262536302831977
2025-01-03 12:00:00,WINTER,CF_bus3_WINTER,0.17853660193049603
2025-01-03 13:00:00,WINTER,CF_bus3_WINTER,0.20986858419046833
2025-01-03 14:00:00,WINTER,CF_bus3_WINTER,0.0
2025-01-03 15:00:00,WINTER,CF_bus3_WINTER,0.06522419576120563
2025-01-03 16:00:00,WINTER,CF_bus3_WINTER,1.0
2025-01-03 17:00:00,WINTER,CF_bus3_WINTER,0.028185097109868704
2025-01-03 18:00:00,WINTER,CF_bus3_WINTER,0.003918046321372331
2025-01-03 19:00:00,WINTER,CF_bus3_WINTER,0.06929942606212486
2025-01-03 20:00:00,WINTER,CF_bus3_WINTER,0.014059219301920958
2025-01-03 21:00:00,WINTER,CF_bus3_WINTER,0.02131288455691474
2025-01-03 22:00:00,WINTER,CF_bus3_WINTER,0.03483214442662026
2025-01-03 23:00:00,WINTER,CF_bus3_WINTER,0.09326853376305581
2025-01-04 00:00:00,WINTER,CF_bus3_WINTER,0.06602707240958562
2025-01-04 01:00:00,WINTER,CF_bus3_WINTER,0.07756577906908041
2025-01-04 02:00:00,WINTER,CF_bus3_WINTER,0.08286840803687132
2025-01-04 03:00:00,WINTER,CF_bus3_WINTER,0.0
2025-01-04 04:00:00,WINTER,CF_bus3_WINTER,0.0
2025-01-04 05:00:00,WINTER,CF_bus3_WINTER,0.0
2025-01-04 06:00:00,WINTER,CF_bus3_WINTER,0.0
2025-01-04 07:00:00,WINTER,CF_bus3_WINTER,0.0
2025-01-04 08:00:00,WINTER,CF_bus3_WINTER,0.0
2025-01-04 09:00:00,WINTER,CF_bus3_WINTER,0.0
2025-01-04 10:00:00,WINTER,CF_bus3_WINTER,0.0
2025-01-04 11:00:00,WINTER,CF_bus3_WINTER,0.0
2025-01-04 12:00:00,WINTER,CF_bus3_WINTER,0.0
2025-01-04 13:00:00,WINTER,CF_bus3_WINTER,0.0
2025-01-04 14:00:00,WINTER,CF_bus3_WINTER,0.000484628372667392
2025-01-04 15:00:00,WINTER,CF_bus3_WINTER,0.07216174431366587
2025-01-04 16:00:00,WINTER,CF_bus3_WINTER,0.08130900054195082
2025-01-04 17:00:00,WINTER,CF_bus3_WINTER,0.016473711383394304
2025-01-04 18:00:00,WINTER,CF_bus3_WINTER,0.08853272725252814
2025-01-04 19:00:00,WINTER,CF_bus3_WINTER,0.08042981839532022
2025-01-04 20:00:00,WINTER,CF_bus3_WINTER,0.1291628095415048
2025-01-04 21:00:00,WINTER,CF_bus3_WINTER,0.2195772248678853
2025-01-04 22:00:00,WINTER,CF_bus3_WINTER,0.23948879720477997
2025-01-04 23:00:00,WINTER,CF_bus3_WINTER,0.4006209269935492
2025-01-05 00:00:00,WINTER,CF_bus3_WINTER,0.3220263202883329
2025-01-05 01:00:00,WINTER,CF_bus3_WINTER,0.06434171795701565
2025-01-05 02:00:00,WINTER,CF_bus3_WINTER,0.0
2025-01-05 03:00:00,WINTER,CF_bus3_WINTER,0.0
2025-01-05 04:00:00,WINTER,CF_bus3_WINTER,0.0
2025-01-05 05:00:00,WINTER,CF_bus3_WINTER,0.0
2025-01-05 06:00:00,WINTER,CF_bus3_WINTER,0.0
2025-01-05 07:00:00,WINTER,CF_bus3_WINTER,0.0
2025-01-05 08:00:00,WINTER,CF_bus3_WINTER,0.0
2025-01-05 09:00:00,WINTER,CF_bus3_WINTER,0.0
2025-01-05 10:00:00,WINTER,CF_bus3_WINTER,0.004266325881651651
2025-01-05 11:00:00,WINTER,CF_bus3_WINTER,0.001599291349022549
2025-01-05 12:00:00,WINTER,CF_bus3_WINTER,0.07694227930263521
2025-01-05 13:00:00,WINTER,CF_bus3_WINTER,0.48526106148086334
2025-01-05 14:00:00,WINTER,CF_bus3_WINTER,0.16508734329791128
2025-01-05 15:00:00,WINTER,CF_bus3_WINTER,0.41978130031199007
2025-01-05 16:00:00,WINTER,CF_bus3_WINTER,0.3403037575174743
2025-01-05 17:00:00,WINTER,CF_bus3_WINTER,0.17442230927840263
2025-01-05 18:00:00,WINTER,CF_bus3_WINTER,0.4891414192867679
2025-01-05 19:00:00,WINTER,CF_bus3_WINTER,0.8289962254049599
2025-01-05 20:00:00,WINTER,CF_bus3_WINTER,1.0
2025-01-05 21:00:00,WINTER,CF_bus3_WINTER,0.40218211340691684
2025-01-05 22:00:00,WINTER,CF_bus3_WINTER,0.05821968913902193
2025-01-05 23:00:00,WINTER,CF_bus3_WINTER,0.0
2025-01-06 00:00:00,WINTER,CF_bus3_WINTER,0.0
2025-01-06 01:00:00,WINTER,CF_bus3_WINTER,0.0
2025-01-06 02:00:00,WINTER,CF_bus3_WINTER,0.0
2025-01-06 03:00:00,WINTER,CF_bus3_WINTER,0.03991854958317836
2025-01-06 04:00:00,WINTER,CF_bus3_WINTER,0.009484114881501242
2025-01-06 05:00:00,WINTER,CF_bus3_WINTER,0.014093232474500072
2025-01-06 06:00:00,WINTER,CF_bus3_WINTER,0.0
2025-01-06 07:00:00,WINTER,CF_bus3_WINTER,0.013296449884214717
2025-01-06 08:00:00,WINTER,CF_bus3_WINTER,0.0
2025-01-06 09:00:00,WINTER,CF_bus3_WINTER,0.11246609209129996
2025-01-06 10:00:00,WINTER,CF_bus3_WINTER,0.38442700715390193
2025-01-06 11:00:00,WINTER,CF_bus3_WINTER,0.49925460033304203
2025-01-06 12:00:00,WINTER,CF_bus3_WINTER,0.3114322681296867
2025-01-06 13:00:00,WINTER,CF_bus3_WINTER,0.580236681155
2025-01-06 14:00:00,WINTER,CF_bus3_WINTER,0.7119649576059679
2025-01-06 15:00:00,WINTER,CF_bus3_WINTER,0.26993561950478107
2025-01-06 16:00:00,WINTER,CF_bus3_WINTER,0.12394306175665838
2025-01-06 17:00:00,WINTER,CF_bus3_WINTER,0.0
2025-01-06 18:00:00,WINTER,CF_bus3_WINTER,0.023925856067722056
2025-01-06 19:00:00,WINTER,CF_bus3_WINTER,0.006055030123746618
2025-01-06 20:00:00,WINTER,CF_bus3_WINTER,0.030618633396290146
2025-01-06 21:00:00,WINTER,CF_bus3_WINTER,0.02011639425121766
2025-01-06 22:00:00,WINTER,CF_bus3_WINTER,0.44714025861710305
2025-01-06 23:00:00,WINTER,CF_bus3_WINTER,0.298243692123565
2025-01-07 00:00:00,WINTER,CF_bus3_WINTER,0.4569176617391189
2025-01-07 01:00:00,WINTER,CF_bus3_WINTER,0.5349268376558222
2025-01-07 02:00:00,WINTER,CF_bus3_WINTER,0.07748926726912549
2025-01-07 03:00:00,WINTER,CF_bus3_WINTER,0.0281043614877508
2025-01-07 04:00:00,WINTER,CF_bus3_WINTER,0.0
2025-01-07 05:00:00,WINTER,CF_bus3_WINTER,0.029275656967043182
2025-01-07 06:00:00,WINTER,CF_bus3_WINTER,0.023347155894790285
2025-01-07 07:00:00,WINTER,CF_bus3_WINTER,0.1494542273457426
2025-01-07 08:00:00,WINTER,CF_bus3_WINTER,0.06621812333753412
2025-01-07 09:00:00,WINTER,CF_bus3_WINTER,0.09277458100627567
2025-01-07 10:00:00,WINTER,CF_bus3_WINTER,0.6288689778332534
2025-01-07 11:00:00,WINTER,CF_bus3_WINTER,1.0
2025-01-07 12:00:00,WINTER,CF_bus3_WINTER,1.0
2025-01-07 13:00:00,WINTER,CF_bus3_WINTER,1.0
2025-01-07 14:00:00,WINTER,CF_bus3_WINTER,1.0
2025-01-07 15:00:00,WINTER,CF_bus3_WINTER,1.0
2025-01-07 16:00:00,WINTER,CF_bus3_WINTER,1.0
2025-01-07 17:00:00,WINTER,CF_bus3_WINTER,1.0
2025-01-07 18:00:00,WINTER,CF_bus3_WINTER,1.0
2025-01-07 19:00:00,WINTER,CF_bus3_WINTER,0.8550770419460093
2025-01-07 20:00:00,WINTER,CF_bus3_WINTER,0.6629677578387906
2025-01-07 21:00:00,WINTER,CF_bus3_WINTER,0.5845776082874811
2025-01-07 22:00:00,WINTER,CF_bus3_WINTER,0.42274993790724785
2025-01-07 23:00:00,WINTER,CF_bus3_WINTER,0.19473473419898707
2025-01-08 00:00:00,SPRING,CF_bus2_SPRING,0.26826599219555064
2025-01-08 01:00:00,SPRING,CF_bus2_SPRING,0.030570310539083975
2025-01-08 02:00:00,SPRING,CF_bus2_SPRING,0.0
2025-01-08 03:00:00,SPRING,CF_bus2_SPRING,0.08462202742559206
2025-01-08 04:00:00,SPRING,CF_bus2_SPRING,0.40034298498159576
2025-01-08 05:00:00,SPRING,CF_bus2_SPRING,0.19973040195114278
2025-01-08 06:00:00,SPRING,CF_bus2_SPRING,0.3550386680594173
2025-01-08 07:00:00,SPRING,CF_bus2_SPRING,0.92784361971411
2025-01-08 08:00:00,SPRING,CF_bus2_SPRING,0.5192576637965982
2025-01-08 09:00:00,SPRING,CF_bus2_SPRING,0.4954041659739328
2025-01-08 10:00:00,SPRING,CF_bus2_SPRING,0.6388845743837466
2025-01-08 11:00:00,SPRING,CF_bus2_SPRING,0.92784361971411
2025-01-08 12:00:00,SPRING,CF_bus2_SPRING,0.5014143235332653
2025-01-08 13:00:00,SPRING,CF_bus2_SPRING,0.92784361971411
2025-01-08 14:00:00,SPRING,CF_bus2_SPRING,0.9015543795916889
2025-01-08 15:00:00,SPRING,CF_bus2_SPRING,0.92784361971411
2025-01-08 16:00:00,SPRING,CF_bus2_SPRING,0.92784361971411
2025-01-08 17:00:00,SPRING,CF_bus2_SPRING,0.7959376055788034
2025-01-08 18:00:00,SPRING,CF_bus2_SPRING,0.92784361971411
2025-01-08 19:00:00,SPRING,CF_bus2_SPRING,0.92784361971411
2025-01-08 20:00:00,SPRING,CF_bus2_SPRING,0.3296514444397148
2025-01-08 21:00:00,SPRING,CF_bus2_SPRING,0.31592428597572964
2025-01-08 22:00:00,SPRING,CF_bus2_SPRING,0.92784361971411
2025-01-08 23:00:00,SPRING,CF_bus2_SPRING,0.4641733094888782
2025-01-09 00:00:00,SPRING,CF_bus2_SPRING,0.22255240763178066
2025-01-09 01:00:00,SPRING,CF_bus2_SPRING,0.33964303809568647
2025-01-09 02:00:00,SPRING,CF_bus2_SPRING,0.4723936703892279
2025-01-09 03:00:00,SPRING,CF_bus2_SPRING,0.500767146511722
2025-01-09 04:00:00,SPRING,CF_bus2_SPRING,0.3216423283443274
2025-01-09 05:00:00,SPRING,CF_bus2_SPRING,0.21792880487748348
2025-01-09 06:00:00,SPRING,CF_bus2_SPRING,0.16682053217430826
2025-01-09 07:00:00,SPRING,CF_bus2_SPRING,0.92784361971411
2025-01-09 08:00:00,SPRING,CF_bus2_SPRING,0.8427355968995316
2025-01-09 09:00:00,SPRING,CF_bus2_SPRING,0.08210277607407389
2025-01-09 10:00:00,SPRING,CF_bus2_SPRING,0.03281498773744525
2025-01-09 11:00:00,SPRING,CF_bus2_SPRING,0.12944349625016427
2025-01-09 12:00:00,SPRING,CF_bus2_SPRING,0.17086426676410196
2025-01-09 13:00:00,SPRING,CF_bus2_SPRING,0.01884473148128915
2025-01-09 14:00:00,SPRING,CF_bus2_SPRING,0.43574639082549327
2025-01-09 15:00:00,SPRING,CF_bus2_SPRING,0.9145569519226313
2025-01-09 16:00:00,SPRING,CF_bus2_SPRING,0.92784361971411
2025-01-09 17:00:00,SPRING,CF_bus2_SPRING,0.92784361971411
2025-01-09 18:00:00,SPRING,CF_bus2_SPRING,0.92784361971411
2025-01-09 19:00:00,SPRING,CF_bus2_SPRING,0.92784361971411
2025-01-09 20:00:00,SPRING,CF_bus2_SPRING,0.92784361971411
2025-01-09 21:00:00,SPRING,CF_bus2_SPRING,0.92784361971411
2025-01-09 22:00:00,SPRING,CF_bus2_SPRING,0.92784361971411
2025-01-09 23:00:00,SPRING,CF_bus2_SPRING,0.7099085622151613
2025-01-10 00:00:00,SPRING,CF_bus2_SPRING,0.17597656890794905
2025-01-10 01:00:00,SPRING,CF_bus2_SPRING,0.6408258094095887
2025-01-10 02:00:00,SPRING,CF_bus2_SPRING,0.6410434849614474
2025-01-10 03:00:00,SPRING,CF_bus2_SPRING,0.3707114378900054
2025-01-10 04:00:00,SPRING,CF_bus2_SPRING,0.10692057889721772
2025-01-10 05:00:00,SPRING,CF_bus2_SPRING,0.05163856436655181
2025-01-10 06:00:00,SPRING,CF_bus2_SPRING,0.00886924974710163
2025-01-10 07:00:00,SPRING,CF_bus2_SPRING,0.0854701150057626
2025-01-10 08:00:00,SPRING,CF_bus2_SPRING,0.1663501075946316
2025-01-10 09:00:00,SPRING,CF_bus2_SPRING,0.0
2025-01-10 10:00:00,SPRING,CF_bus2_SPRING,0.0
2025-01-10 11:00:00,SPRING,CF_bus2_SPRING,0.08291499316231524
2025-01-10 12:00:00,SPRING,CF_bus2_SPRING,0.01345332725220529
2025-01-10 13:00:00,SPRING,CF_bus2_SPRING,0.0
2025-01-10 14:00:00,SPRING,CF_bus2_SPRING,0.0
2025-01-10 15:00:00,SPRING,CF_bus2_SPRING,0.027698930059631276
2025-01-10 16:00:00,SPRING,CF_bus2_SPRING,0.013065436419342871
2025-01-10 17:00:00,SPRING,CF_bus2_SPRING,0.2733825265159834
2025-01-10 18:00:00,SPRING,CF_bus2_SPRING,0.4724258092873473
2025-01-10 19:00:00,SPRING,CF_bus2_SPRING,0.272069890650599
2025-01-10 20:00:00,SPRING,CF_bus2_SPRING,0.17471774251005306
2025-01-10 21:00:00,SPRING,CF_bus2_SPRING,0.050133558648998336
2025-01-10 22:00:00,SPRING,CF_bus2_SPRING,0.062023176524427966
2025-01-10 23:00:00,SPRING,CF_bus2_SPRING,0.0
2025-01-11 00:00:00,SPRING,CF_bus2_SPRING,0.07270454608414528
2025-01-11 01:00:00,SPRING,CF_bus2_SPRING,0.0
2025-01-11 02:00:00,SPRING,CF_bus2_SPRING,0.0
2025-01-11 03:00:00,SPRING,CF_bus2_SPRING,0.0
2025-01-11 04:00:00,SPRING,CF_bus2_SPRING,0.0
2025-01-11 05:00:00,SPRING,CF_bus2_SPRING,0.0
2025-01-11 06:00:00,SPRING,CF_bus2_SPRING,0.0747384342593093
2025-01-11 07:00:00,SPRING,CF_bus2_SPRING,0.12287825057531124
2025-01-11 08:00:00,SPRING,CF_bus2_SPRING,0.06438961486789628
2025-01-11 09:00:00,SPRING,CF_bus2_SPRING,0.12937890461767498
2025-01-11 10:00:00,SPRING,CF_bus2_SPRING,0.04852274804936258
2025-01-11 11:00:00,SPRING,CF_bus2_SPRING,0.0
2025-01-11 12:00:00,SPRING,CF_bus2_SPRING,0.0
2025-01-11 13:00:00,SPRING,CF_bus2_SPRING,0.0
2025-01-11 14:00:00,SPRING,CF_bus2_SPRING,0.0
2025-01-11 15:00:00,SPRING,CF_bus2_SPRING,0.016131305893671274
2025-01-11 16:00:00,SPRING,CF_bus2_SPRING,0.049861656643166226
2025-01-11 17:00:00,SPRING,CF_bus2_SPRING,0.10279164687535915
2025-01-11 18:00:00,SPRING,CF_bus2_SPRING,0.15192115369130635
2025-01-11 19:00:00,SPRING,CF_bus2_SPRING,0.44207341392861227
2025-01-11 20:00:00,SPRING,CF_bus2_SPRING,0.92784361971411
2025-01-11 21:00:00,SPRING,CF_bus2_SPRING,0.92784361971411
2025-01-11 22:00:00,SPRING,CF_bus2_SPRING,0.9247576381566799
2025-01-11 23:00:00,SPRING,CF_bus2_SPRING,0.92784361971411
2025-01-12 00:00:00,SPRING,CF_bus2_SPRING,0.92784361971411
2025-01-12 01:00:00,SPRING,CF_bus2_SPRING,0.5098704718895639
2025-01-12 02:00:00,SPRING,CF_bus2_SPRING,0.48076423230908044
2025-01-12 03:00:00,SPRING,CF_bus2_SPRING,0.5236309347483773
2025-01-12 04:00:00,SPRING,CF_bus2_SPRING,0.3464690686440383
2025-01-12 05:00:00,SPRING,CF_bus2_SPRING,0.07785155819036571
2025-01-12 06:00:00,SPRING,CF_bus2_SPRING,0.0921828796540969
2025-01-12 07:00:00,SPRING,CF_bus2_SPRING,0.1516984890406864
2025-01-12 08:00:00,SPRING,CF_bus2_SPRING,0.16619278527567705
2025-01-12 09:00:00,SPRING,CF_bus2_SPRING,0.4828686922118841
2025-01-12 10:00:00,SPRING,CF_bus2_SPRING,0.39996651523762317
2025-01-12 11:00:00,SPRING,CF_bus2_SPRING,0.6783421016826974
2025-01-12 12:00:00,SPRING,CF_bus2_SPRING,0.92784361971411
2025-01-12 13:00:00,SPRING,CF_bus2_SPRING,0.92784361971411
2025-01-12 14:00:00,SPRING,CF_bus2_SPRING,0.92784361971411
2025-01-12 15:00:00,SPRING,CF_bus2_SPRING,0.92784361971411
2025-01-12 16:00:00,SPRING,CF_bus2_SPRING,0.92784361971411
2025-01-12 17:00:00,SPRING,CF_bus2_SPRING,0.92784361971411
2025-01-12 18:00:00,SPRING,CF_bus2_SPRING,0.92784361971411
2025-01-12 19:00:00,SPRING,CF_bus2_SPRING,0.92784361971411
2025-01-12 20:00:00,SPRING,CF_bus2_SPRING,0.5740124095073659
2025-01-12 21:00:00,SPRING,CF_bus2_SPRING,0.7825203654178855
2025-01-12 22:00:00,SPRING,CF_bus2_SPRING,0.92784361971411
2025-01-12 23:00:00,SPRING,CF_bus2_SPRING,0.92784361971411
2025-01-13 00:00:00,SPRING,CF_bus2_SPRING,0.92784361971411
2025-01-13 01:00:00,SPRING,CF_bus2_SPRING,0.92784361971411
2025-01-13 02:00:00,SPRING,CF_bus2_SPRING,0.92784361971411
2025-01-13 03:00:00,SPRING,CF_bus2_SPRING,0.92784361971411
2025-01-13 04:00:00,SPRING,CF_bus2_SPRING,0.3275955886155172
2025-01-13 05:00:00,SPRING,CF_bus2_SPRING,0.26886555634353226
2025-01-13 06:00:00,SPRING,CF_bus2_SPRING,0.25346413122892236
2025-01-13 07:00:00,SPRING,CF_bus2_SPRING,0.16534168804066113
2025-01-13 08:00:00,SPRING,CF_bus2_SPRING,0.13669260325277122
2025-01-13 09:00:00,SPRING,CF_bus2_SPRING,0.0
2025-01-13 10:00:00,SPRING,CF_bus2_SPRING,0.025094688230226397
2025-01-13 11:00:00,SPRING,CF_bus2_SPRING,0.004411967466880936
2025-01-13 12:00:00,SPRING,CF_bus2_SPRING,0.05700650263504123
2025-01-13 13:00:00,SPRING,CF_bus2_SPRING,0.03912392679830913
2025-01-13 14:00:00,SPRING,CF_bus2_SPRING,0.19896619579755243
2025-01-13 15:00:00,SPRING,CF_bus2_SPRING,0.27287633604727374
2025-01-13 16:00:00,SPRING,CF_bus2_SPRING,0.14297210204948957
2025-01-13 17:00:00,SPRING,CF_bus2_SPRING,0.1419964019775753
2025-01-13 18:00:00,SPRING,CF_bus2_SPRING,0.1520981098102312
2025-01-13 19:00:00,SPRING,CF_bus2_SPRING,0.19284120420012182
2025-01-13 20:00:00,SPRING,CF_bus2_SPRING,0.25819593365960564
2025-01-13 21:00:00,SPRING,CF_bus2_SPRING,0.14382989799103688
2025-01-13 22:00:00,SPRING,CF_bus2_SPRING,0.10945655305305095
2025-01-13 23:00:00,SPRING,CF_bus2_SPRING,0.10597374326710421
2025-01-14 00:00:00,SPRING,CF_bus2_SPRING,0.2983089272442908
2025-01-14 01:00:00,SPRING,CF_bus2_SPRING,0.25352650639660207
2025-01-14 02:00:00,SPRING,CF_bus2_SPRING,0.3476893016614275
2025-01-14 03:00:00,SPRING,CF_bus2_SPRING,0.039218814012149425
2025-01-14 04:00:00,SPRING,CF_bus2_SPRING,0.13879023691013323
2025-01-14 05:00:00,SPRING,CF_bus2_SPRING,0.6583120589502879
2025-01-14 06:00:00,SPRING,CF_bus2_SPRING,0.92784361971411
2025-01-14 07:00:00,SPRING,CF_bus2_SPRING,0.5158792764972316
2025-01-14 08:00:00,SPRING,CF_bus2_SPRING,0.33203622346830236
2025-01-14 09:00:00,SPRING,CF_bus2_SPRING,0.5849029466868298
2025-01-14 10:00:00,SPRING,CF_bus2_SPRING,0.5372911090569045
2025-01-14 11:00:00,SPRING,CF_bus2_SPRING,0.7698117316707465
2025-01-14 12:00:00,SPRING,CF_bus2_SPRING,0.42960103042421005
2025-01-14 13:00:00,SPRING,CF_bus2_SPRING,0.7126880201894266
2025-01-14 14:00:00,SPRING,CF_bus2_SPRING,0.4075173350177715
2025-01-14 15:00:00,SPRING,CF_bus2_SPRING,0.567012171879998
2025-01-14 16:00:00,SPRING,CF_bus2_SPRING,0.43571905607963934
2025-01-14 17:00:00,SPRING,CF_bus2_SPRING,0.24752140583221002
2025-01-14 18:00:00,SPRING,CF_bus2_SPRING,0.06810072202545553
2025-01-14 19:00:00,SPRING,CF_bus2_SPRING,0.42783057538694136
2025-01-14 20:00:00,SPRING,CF_bus2_SPRING,0.16798047945824107
2025-01-14 21:00:00,SPRING,CF_bus2_SPRING,0.2253739506809234
2025-01-14 22:00:00,SPRING,CF_bus2_SPRING,0.1577270533297321
2025-01-14 23:00:00,SPRING,CF_bus2_SPRING,0.37008229530963693
2025-01-08 00:00:00,SPRING,CF_bus3_SPRING,0.4290351347870238
2025-01-08 01:00:00,SPRING,CF_bus3_SPRING,0.3595485361100013
2025-01-08 02:00:00,SPRING,CF_bus3_SPRING,0.07178349550669859
2025-01-08 03:00:00,SPRING,CF_bus3_SPRING,0.17800264425461265
2025-01-08 04:00:00,SPRING,CF_bus3_SPRING,0.019594098767664034
2025-01-08 05:00:00,SPRING,CF_bus3_SPRING,0.0
2025-01-08 06:00:00,SPRING,CF_bus3_SPRING,0.0
2025-01-08 07:00:00,SPRING,CF_bus3_SPRING,0.0
2025-01-08 08:00:00,SPRING,CF_bus3_SPRING,0.0
2025-01-08 09:00:00,SPRING,CF_bus3_SPRING,0.0
2025-01-08 10:00:00,SPRING,CF_bus3_SPRING,0.0
2025-01-08 11:00:00,SPRING,CF_bus3_SPRING,0.12168562931391315
2025-01-08 12:00:00,SPRING,CF_bus3_SPRING,0.13843028477002317
2025-01-08 13:00:00,SPRING,CF_bus3_SPRING,0.29324578974457566
2025-01-08 14:00:00,SPRING,CF_bus3_SPRING,0.29247384656896047
2025-01-08 15:00:00,SPRING,CF_bus3_SPRING,0.522612449851722
2025-01-08 16:00:00,SPRING,CF_bus3_SPRING,1.0
2025-01-08 17:00:00,SPRING,CF_bus3_SPRING,0.6843642691316858
2025-01-08 18:00:00,SPRING,CF_bus3_SPRING,1.0
2025-01-08 19:00:00,SPRING,CF_bus3_SPRING,0.49265600809562543
2025-01-08 20:00:00,SPRING,CF_bus3_SPRING,1.0
2025-01-08 21:00:00,SPRING,CF_bus3_SPRING,1.0
2025-01-08 22:00:00,SPRING,CF_bus3_SPRING,1.0
2025-01-08 23:00:00,SPRING,CF_bus3_SPRING,0.740366105065288
2025-01-09 00:00:00,SPRING,CF_bus3_SPRING,1.0
2025-01-09 01:00:00,SPRING,CF_bus3_SPRING,0.6168461721782895
2025-01-09 02:00:00,SPRING,CF_bus3_SPRING,0.9203580334532055
2025-01-09 03:00:00,SPRING,CF_bus3_SPRING,0.1943997584595603
2025-01-09 04:00:00,SPRING,CF_bus3_SPRING,0.5694078767769993
2025-01-09 05:00:00,SPRING,CF_bus3_SPRING,0.40357638336768764
2025-01-09 06:00:00,SPRING,CF_bus3_SPRING,0.1923035441081244
2025-01-09 07:00:00,SPRING,CF_bus3_SPRING,0.15054960200698703
2025-01-09 08:00:00,SPRING,CF_bus3_SPRING,0.051979867583699726
2025-01-09 09:00:00,SPRING,CF_bus3_SPRING,0.3422471037350999
2025-01-09 10:00:00,SPRING,CF_bus3_SPRING,0.4978449500705766
2025-01-09 11:00:00,SPRING,CF_bus3_SPRING,0.4689220784762501
2025-01-09 12:00:00,SPRING,CF_bus3_SPRING,0.8153161927967276
2025-01-09 13:00:00,SPRING,CF_bus3_SPRING,0.15598413075149548
2025-01-09 14:00:00,SPRING,CF_bus3_SPRING,0.07327877284416812
2025-01-09 15:00:00,SPRING,CF_bus3_SPRING,0.017847089287040135
2025-01-09 16:00:00,SPRING,CF_bus3_SPRING,0.10109988425422493
2025-01-09 17:00:00,SPRING,CF_bus3_SPRING,0.13275882050279972
2025-01-09 18:00:00,SPRING,CF_bus3_SPRING,0.17686633058388002
2025-01-09 19:00:00,SPRING,CF_bus3_SPRING,0.2740676848719617
2025-01-09 20:00:00,SPRING,CF_bus3_SPRING,0.5718078473691238
2025-01-09 21:00:00,SPRING,CF_bus3_SPRING,0.12456595535844543
2025-01-09 22:00:00,SPRING,CF_bus3_SPRING,0.3829113931803446
2025-01-09 23:00:00,SPRING,CF_bus3_SPRING,1.0
2025-01-10 00:00:00,SPRING,CF_bus3_SPRING,0.9317322814970884
2025-01-10 01:00:00,SPRING,CF_bus3_SPRING,0.24722398633400497
2025-01-10 02:00:00,SPRING,CF_bus3_SPRING,0.10314926787892742
2025-01-10 03:00:00,SPRING,CF_bus3_SPRING,0.04100480617010521
2025-01-10 04:00:00,SPRING,CF_bus3_SPRING,0.04773621189980158
2025-01-10 05:00:00,SPRING,CF_bus3_SPRING,0.0
2025-01-10 06:00:00,SPRING,CF_bus3_SPRING,0.0
2025-01-10 07:00:00,SPRING,CF_bus3_SPRING,0.01787102813083788
2025-01-10 08:00:00,SPRING,CF_bus3_SPRING,0.0
2025-01-10 09:00:00,SPRING,CF_bus3_SPRING,0.0
2025-01-10 10:00:00,SPRING,CF_bus3_SPRING,0.0
2025-01-10 11:00:00,SPRING,CF_bus3_SPRING,0.0
2025-01-10 12:00:00,SPRING,CF_bus3_SPRING,0.007860184072366489
2025-01-10 13:00:00,SPRING,CF_bus3_SPRING,0.0
2025-01-10 14:00:00,SPRING,CF_bus3_SPRING,0.4035360533161628
2025-01-10 15:00:00,SPRING,CF_bus3_SPRING,1.0
2025-01-10 16:00:00,SPRING,CF_bus3_SPRING,1.0
2025-01-10 17:00:00,SPRING,CF_bus3_SPRING,1.0
2025-01-10 18:00:00,SPRING,CF_bus3_SPRING,0.9749208196161778
2025-01-10 19:00:00,SPRING,CF_bus3_SPRING,1.0
2025-01-10 20:00:00,SPRING,CF_bus3_SPRING,0.5293994483526964
2025-01-10 21:00:00,SPRING,CF_bus3_SPRING,0.34467410558549405
2025-01-10 22:00:00,SPRING,CF_bus3_SPRING,0.038429899890503785
2025-01-10 23:00:00,SPRING,CF_bus3_SPRING,0.012413394968752873
2025-01-11 00:00:00,SPRING,CF_bus3_SPRING,0.15367186775030758
2025-01-11 01:00:00,SPRING,CF_bus3_SPRING,0.06666271896178295
2025-01-11 02:00:00,SPRING,CF_bus3_SPRING,0.2435744387008484
2025-01-11 03:00:00,SPRING,CF_bus3_SPRING,0.26820277860418823
2025-01-11 04:00:00,SPRING,CF_bus3_SPRING,0.41698328804868856
2025-01-11 05:00:00,SPRING,CF_bus3_SPRING,1.0
2025-01-11 06:00:00,SPRING,CF_bus3_SPRING,1.0
2025-01-11 07:00:00,SPRING,CF_bus3_SPRING,0.6318479656383224
2025-01-11 08:00:00,SPRING,CF_bus3_SPRING,0.29457664462308136
2025-01-11 09:00:00,SPRING,CF_bus3_SPRING,0.016944171882486536
2025-01-11 10:00:00,SPRING,CF_bus3_SPRING,0.052290475670875365
2025-01-11 11:00:00,SPRING,CF_bus3_SPRING,0.007349985393645764
2025-01-11 12:00:00,SPRING,CF_bus3_SPRING,0.011158864599424915
2025-01-11 13:00:00,SPRING,CF_bus3_SPRING,0.063084973625052
2025-01-11 14:00:00,SPRING,CF_bus3_SPRING,0.14779999637047161
2025-01-11 15:00:00,SPRING,CF_bus3_SPRING,0.155511025926628
2025-01-11 16:00:00,SPRING,CF_bus3_SPRING,0.044797797625184495
2025-01-11 17:00:00,SPRING,CF_bus3_SPRING,0.07430683469439053
2025-01-11 18:00:00,SPRING,CF_bus3_SPRING,0.0814732876960895
2025-01-11 19:00:00,SPRING,CF_bus3_SPRING,0.0015592741344349745
2025-01-11 20:00:00,SPRING,CF_bus3_SPRING,0.07874387794656179
2025-01-11 21:00:00,SPRING,CF_bus3_SPRING,0.0007674899634550006
2025-01-11 22:00:00,SPRING,CF_bus3_SPRING,0.0
2025-01-11 23:00:00,SPRING,CF_bus3_SPRING,0.0
2025-01-12 00:00:00,SPRING,CF_bus3_SPRING,0.0
2025-01-12 01:00:00,SPRING,CF_bus3_SPRING,0.0
2025-01-12 02:00:00,SPRING,CF_bus3_SPRING,0.0
2025-01-12 03:00:00,SPRING,CF_bus3_SPRING,0.0
2025-01-12 04:00:00,SPRING,CF_bus3_SPRING,0.0
2025-01-12 05:00:00,SPRING,CF_bus3_SPRING,0.025336438080181822
2025-01-12 06:00:00,SPRING,CF_bus3_SPRING,0.06287093124458908
2025-01-12 07:00:00,SPRING,CF_bus3_SPRING,0.06655208945116957
2025-01-12 08:00:00,SPRING,CF_bus3_SPRING,0.030358602307243153
2025-01-12 09:00:00,SPRING,CF_bus3_SPRING,0.002352596823474138
2025-01-12 10:00:00,SPRING,CF_bus3_SPRING,0.2269972940118403
2025-01-12 11:00:00,SPRING,CF_bus3_SPRING,0.23831924980590732
2025-01-12 12:00:00,SPRING,CF_bus3_SPRING,0.00942336200763482
2025-01-12 13:00:00,SPRING,CF_bus3_SPRING,0.14484717009684797
2025-01-12 14:00:00,SPRING,CF_bus3_SPRING,0.2361490209581922
2025-01-12 15:00:00,SPRING,CF_bus3_SPRING,0.03889065758394537
2025-01-12 16:00:00,SPRING,CF_bus3_SPRING,0.12879867839827172
2025-01-12 17:00:00,SPRING,CF_bus3_SPRING,0.07474797801520516
2025-01-12 18:00:00,SPRING,CF_bus3_SPRING,0.5540491767028687
2025-01-12 19:00:00,SPRING,CF_bus3_SPRING,1.0
2025-01-12 20:00:00,SPRING,CF_bus3_SPRING,0.9434323374643027
2025-01-12 21:00:00,SPRING,CF_bus3_SPRING,0.7126499865883069
2025-01-12 22:00:00,SPRING,CF_bus3_SPRING,1.0
2025-01-12 23:00:00,SPRING,CF_bus3_SPRING,1.0
2025-01-13 00:00:00,SPRING,CF_bus3_SPRING,1.0
2025-01-13 01:00:00,SPRING,CF_bus3_SPRING,0.8125498650241018
2025-01-13 02:00:00,SPRING,CF_bus3_SPRING,0.4110580939186766
2025-01-13 03:00:00,SPRING,CF_bus3_SPRING,0.8436190361013011
2025-01-13 04:00:00,SPRING,CF_bus3_SPRING,1.0
2025-01-13 05:00:00,SPRING,CF_bus3_SPRING,1.0
2025-01-13 06:00:00,SPRING,CF_bus3_SPRING,1.0
2025-01-13 07:00:00,SPRING,CF_bus3_SPRING,0.08440818137223309
2025-01-13 08:00:00,SPRING,CF_bus3_SPRING,0.39452546383218123
2025-01-13 09:00:00,SPRING,CF_bus3_SPRING,0.29483902127725203
2025-01-13 10:00:00,SPRING,CF_bus3_SPRING,0.04056852764592626
2025-01-13 11:00:00,SPRING,CF_bus3_SPRING,0.18437930431738295
2025-01-13 12:00:00,SPRING,CF_bus3_SPRING,0.04643843082616219
2025-01-13 13:00:00,SPRING,CF_bus3_SPRING,0.004878928840035826
2025-01-13 14:00:00,SPRING,CF_bus3_SPRING,0.018761973294852633
2025-01-13 15:00:00,SPRING,CF_bus3_SPRING,0.2710166055474714
2025-01-13 16:00:00,SPRING,CF_bus3_SPRING,0.11796847974020681
2025-01-13 17:00:00,SPRING,CF_bus3_SPRING,0.4265581352443967
2025-01-13 18:00:00,SPRING,CF_bus3_SPRING,0.2937256034815475
2025-01-13 19:00:00,SPRING,CF_bus3_SPRING,0.20063097378079947
2025-01-13 20:00:00,SPRING,CF_bus3_SPRING,0.13471125700479614
2025-01-13 21:00:00,SPRING,CF_bus3_SPRING,0.018504604967393274
2025-01-13 22:00:00,SPRING,CF_bus3_SPRING,0.0
2025-01-13 23:00:00,SPRING,CF_bus3_SPRING,0.04023225350790806
2025-01-14 00:00:00,SPRING,CF_bus3_SPRING,0.0762278489086726
2025-01-14 01:00:00,SPRING,CF_bus3_SPRING,0.0
2025-01-14 02:00:00,SPRING,CF_bus3_SPRING,0.3559298628895438
2025-01-14 03:00:00,SPRING,CF_bus3_SPRING,0.1093265529518002
2025-01-14 04:00:00,SPRING,CF_bus3_SPRING,0.0
2025-01-14 05:00:00,SPRING,CF_bus3_SPRING,0.0
2025-01-14 06:00:00,SPRING,CF_bus3_SPRING,0.0
2025-01-14 07:00:00,SPRING,CF_bus3_SPRING,0.0
2025-01-14 08:00:00,SPRING,CF_bus3_SPRING,0.007373312838581705
2025-01-14 09:00:00,SPRING,CF_bus3_SPRING,0.008404064706591432
2025-01-14 10:00:00,SPRING,CF_bus3_SPRING,0.15335792231975146
2025-01-14 11:00:00,SPRING,CF_bus3_SPRING,0.28255005640831415
2025-01-14 12:00:00,SPRING,CF_bus3_SPRING,0.5073996390125098
2025-01-14 13:00:00,SPRING,CF_bus3_SPRING,0.24122590546353886
2025-01-14 14:00:00,SPRING,CF_bus3_SPRING,0.46253682639110894
2025-01-14 15:00:00,SPRING,CF_bus3_SPRING,1.0
2025-01-14 16:00:00,SPRING,CF_bus3_SPRING,1.0
2025-01-14 17:00:00,SPRING,CF_bus3_SPRING,1.0
2025-01-14 18:00:00,SPRING,CF_bus3_SPRING,1.0
2025-01-14 19:00:00,SPRING,CF_bus3_SPRING,1.0
2025-01-14 20:00:00,SPRING,CF_bus3_SPRING,1.0
2025-01-14 21:00:00,SPRING,CF_bus3_SPRING,1.0
2025-01-14 22:00:00,SPRING,CF_bus3_SPRING,1.0
2025-01-14 23:00:00,SPRING,CF_bus3_SPRING,0.741593124851711
2025-01-15 00:00:00,SUMMER,CF_bus2_SUMMER,0.19363335976767018
2025-01-15 01:00:00,SUMMER,CF_bus2_SUMMER,0.22534540517017523
2025-01-15 02:00:00,SUMMER,CF_bus2_SUMMER,0.16051906844128325
2025-01-15 03:00:00,SUMMER,CF_bus2_SUMMER,0.0
2025-01-15 04:00:00,SUMMER,CF_bus2_SUMMER,0.07888901348711613
2025-01-15 05:00:00,SUMMER,CF_bus2_SUMMER,0.09720728508417659
2025-01-15 06:00:00,SUMMER,CF_bus2_SUMMER,0.004757862889625537
2025-01-15 07:00:00,SUMMER,CF_bus2_SUMMER,0.0
2025-01-15 08:00:00,SUMMER,CF_bus2_SUMMER,0.009029614180236472
2025-01-15 09:00:00,SUMMER,CF_bus2_SUMMER,0.12524702643268695
2025-01-15 10:00:00,SUMMER,CF_bus2_SUMMER,0.0
2025-01-15 11:00:00,SUMMER,CF_bus2_SUMMER,0.12422381823370457
2025-01-15 12:00:00,SUMMER,CF_bus2_SUMMER,0.3341741412442259
2025-01-15 13:00:00,SUMMER,CF_bus2_SUMMER,0.21281135574072954
2025-01-15 14:00:00,SUMMER,CF_bus2_SUMMER,0.1968326884692603
2025-01-15 15:00:00,SUMMER,CF_bus2_SUMMER,0.1665840067933679
2025-01-15 16:00:00,SUMMER,CF_bus2_SUMMER,0.5948804669600993
2025-01-15 17:00:00,SUMMER,CF_bus2_SUMMER,0.40045292300733815
2025-01-15 18:00:00,SUMMER,CF_bus2_SUMMER,0.19733463268734439
2025-01-15 19:00:00,SUMMER,CF_bus2_SUMMER,0.17100531567004404
2025-01-15 20:00:00,SUMMER,CF_bus2_SUMMER,0.24072412422399758
2025-01-15 21:00:00,SUMMER,CF_bus2_SUMMER,0.939243334273837
2025-01-15 22:00:00,SUMMER,CF_bus2_SUMMER,1.0
2025-01-15 23:00:00,SUMMER,CF_bus2_SUMMER,0.3113517259212089
2025-01-16 00:00:00,SUMMER,CF_bus2_SUMMER,0.21401831061223806
2025-01-16 01:00:00,SUMMER,CF_bus2_SUMMER,0.3957674970450931
2025-01-16 02:00:00,SUMMER,CF_bus2_SUMMER,0.19787138923427114
2025-01-16 03:00:00,SUMMER,CF_bus2_SUMMER,0.25463197770787493
2025-01-16 04:00:00,SUMMER,CF_bus2_SUMMER,0.17477138269961545
2025-01-16 05:00:00,SUMMER,CF_bus2_SUMMER,0.2092279507248791
2025-01-16 06:00:00,SUMMER,CF_bus2_SUMMER,0.26032106775163
2025-01-16 07:00:00,SUMMER,CF_bus2_SUMMER,0.02725910389691921
2025-01-16 08:00:00,SUMMER,CF_bus2_SUMMER,0.022912773849795575
2025-01-16 09:00:00,SUMMER,CF_bus2_SUMMER,0.019898308963605133
2025-01-16 10:00:00,SUMMER,CF_bus2_SUMMER,0.0
2025-01-16 11:00:00,SUMMER,CF_bus2_SUMMER,0.0
2025-01-16 12:00:00,SUMMER,CF_bus2_SUMMER,0.0
2025-01-16 13:00:00,SUMMER,CF_bus2_SUMMER,0.0
2025-01-16 14:00:00,SUMMER,CF_bus2_SUMMER,0.0
2025-01-16 15:00:00,SUMMER,CF_bus2_SUMMER,0.0
2025-01-16 16:00:00,SUMMER,CF_bus2_SUMMER,0.0
2025-01-16 17:00:00,SUMMER,CF_bus2_SUMMER,0.0
2025-01-16 18:00:00,SUMMER,CF_bus2_SUMMER,0.024101732726645998
2025-01-16 19:00:00,SUMMER,CF_bus2_SUMMER,0.0
2025-01-16 20:00:00,SUMMER,CF_bus2_SUMMER,0.0
2025-01-16 21:00:00,SUMMER,CF_bus2_SUMMER,0.0
2025-01-16 22:00:00,SUMMER,CF_bus2_SUMMER,0.0938905756796006
2025-01-16 23:00:00,SUMMER,CF_bus2_SUMMER,0.06046602153283552
2025-01-17 00:00:00,SUMMER,CF_bus2_SUMMER,0.01055115316027418
2025-01-17 01:00:00,SUMMER,CF_bus2_SUMMER,0.0
2025-01-17 02:00:00,SUMMER,CF_bus2_SUMMER,0.0
2025-01-17 03:00:00,SUMMER,CF_bus2_SUMMER,0.0
2025-01-17 04:00:00,SUMMER,CF_bus2_SUMMER,0.0
2025-01-17 05:00:00,SUMMER,CF_bus2_SUMMER,0.0
2025-01-17 06:00:00,SUMMER,CF_bus2_SUMMER,0.0
2025-01-17 07:00:00,SUMMER,CF_bus2_SUMMER,0.0
2025-01-17 08:00:00,SUMMER,CF_bus2_SUMMER,0.004623842965930298
2025-01-17 09:00:00,SUMMER,CF_bus2_SUMMER,0.0
2025-01-17 10:00:00,SUMMER,CF_bus2_SUMMER,0.0
2025-01-17 11:00:00,SUMMER,CF_bus2_SUMMER,0.0
2025-01-17 12:00:00,SUMMER,CF_bus2_SUMMER,0.0
2025-01-17 13:00:00,SUMMER,CF_bus2_SUMMER,0.0
2025-01-17 14:00:00,SUMMER,CF_bus2_SUMMER,0.14868358339031615
2025-01-17 15:00:00,SUMMER,CF_bus2_SUMMER,0.06352936480869167
2025-01-17 16:00:00,SUMMER,CF_bus2_SUMMER,0.04766503533610038
2025-01-17 17:00:00,SUMMER,CF_bus2_SUMMER,0.2918748215680815
2025-01-17 18:00:00,SUMMER,CF_bus2_SUMMER,0.7346019152904568
2025-01-17 19:00:00,SUMMER,CF_bus2_SUMMER,0.6347129433329636
2025-01-17 20:00:00,SUMMER,CF_bus2_SUMMER,1.0
2025-01-17 21:00:00,SUMMER,CF_bus2_SUMMER,0.27465621772112
2025-01-17 22:00:00,SUMMER,CF_bus2_SUMMER,1.0
2025-01-17 23:00:00,SUMMER,CF_bus2_SUMMER,1.0
2025-01-18 00:00:00,SUMMER,CF_bus2_SUMMER,0.4286633800325726
2025-01-18 01:00:00,SUMMER,CF_bus2_SUMMER,0.40066214232632386
2025-01-18 02:00:00,SUMMER,CF_bus2_SUMMER,0.4755131033414965
2025-01-18 03:00:00,SUMMER,CF_bus2_SUMMER,0.8007490287810601
2025-01-18 04:00:00,SUMMER,CF_bus2_SUMMER,0.5418545120626876
2025-01-18 05:00:00,SUMMER,CF_bus2_SUMMER,0.4084331531416682
2025-01-18 06:00:00,SUMMER,CF_bus2_SUMMER,0.11479353505494438
2025-01-18 07:00:00,SUMMER,CF_bus2_SUMMER,0.09610135660247927
2025-01-18 08:00:00,SUMMER,CF_bus2_SUMMER,0.02353150481369212
2025-01-18 09:00:00,SUMMER,CF_bus2_SUMMER,0.18352163685818615
2025-01-18 10:00:00,SUMMER,CF_bus2_SUMMER,0.10713186618823184
2025-01-18 11:00:00,SUMMER,CF_bus2_SUMMER,0.16983197262150468
2025-01-18 12:00:00,SUMMER,CF_bus2_SUMMER,0.31203049879070277
2025-01-18 13:00:00,SUMMER,CF_bus2_SUMMER,0.3810728077818618
2025-01-18 14:00:00,SUMMER,CF_bus2_SUMMER,0.35513939476319445
2025-01-18 15:00:00,SUMMER,CF_bus2_SUMMER,1.0
2025-01-18 16:00:00,SUMMER,CF_bus2_SUMMER,1.0
2025-01-18 17:00:00,SUMMER,CF_bus2_SUMMER,1.0
2025-01-18 18:00:00,SUMMER,CF_bus2_SUMMER,1.0
2025-01-18 19:00:00,SUMMER,CF_bus2_SUMMER,1.0
2025-01-18 20:00:00,SUMMER,CF_bus2_SUMMER,1.0
2025-01-18 21:00:00,SUMMER,CF_bus2_SUMMER,1.0
2025-01-18 22:00:00,SUMMER,CF_bus2_SUMMER,1.0
2025-01-18 23:00:00,SUMMER,CF_bus2_SUMMER,0.7582567315076552
2025-01-19 00:00:00,SUMMER,CF_bus2_SUMMER,0.5525158980193633
2025-01-19 01:00:00,SUMMER,CF_bus2_SUMMER,0.21686829547318764
2025-01-19 02:00:00,SUMMER,CF_bus2_SUMMER,0.5281958363011732
2025-01-19 03:00:00,SUMMER,CF_bus2_SUMMER,0.5595195593314777
2025-01-19 04:00:00,SUMMER,CF_bus2_SUMMER,0.4305601484819053
2025-01-19 05:00:00,SUMMER,CF_bus2_SUMMER,0.08527391129378188
2025-01-19 06:00:00,SUMMER,CF_bus2_SUMMER,0.07263397382076987
2025-01-19 07:00:00,SUMMER,CF_bus2_SUMMER,0.23878697694297035
2025-01-19 08:00:00,SUMMER,CF_bus2_SUMMER,0.3284880753121407
2025-01-19 09:00:00,SUMMER,CF_bus2_SUMMER,0.67250458810527
2025-01-19 10:00:00,SUMMER,CF_bus2_SUMMER,0.9847085913104411
2025-01-19 11:00:00,SUMMER,CF_bus2_SUMMER,0.09237239639997458
2025-01-19 12:00:00,SUMMER,CF_bus2_SUMMER,0.5310472463580882
2025-01-19 13:00:00,SUMMER,CF_bus2_SUMMER,0.47909485173629424
2025-01-19 14:00:00,SUMMER,CF_bus2_SUMMER,0.27951909874229164
2025-01-19 15:00:00,SUMMER,CF_bus2_SUMMER,0.14313962788826035
2025-01-19 16:00:00,SUMMER,CF_bus2_SUMMER,0.1864649608426039
2025-01-19 17:00:00,SUMMER,CF_bus2_SUMMER,0.6114229990851998
2025-01-19 18:00:00,SUMMER,CF_bus2_SUMMER,0.5953520607243424
2025-01-19 19:00:00,SUMMER,CF_bus2_SUMMER,0.23535452624018513
2025-01-19 20:00:00,SUMMER,CF_bus2_SUMMER,0.02726662378430087
2025-01-19 21:00:00,SUMMER,CF_bus2_SUMMER,0.04369008287217924
2025-01-19 22:00:00,SUMMER,CF_bus2_SUMMER,0.027352971021676078
2025-01-19 23:00:00,SUMMER,CF_bus2_SUMMER,0.0
2025-01-20 00:00:00,SUMMER,CF_bus2_SUMMER,0.0
2025-01-20 01:00:00,SUMMER,CF_bus2_SUMMER,0.0
2025-01-20 02:00:00,SUMMER,CF_bus2_SUMMER,0.0
2025-01-20 03:00:00,SUMMER,CF_bus2_SUMMER,0.0
2025-01-20 04:00:00,SUMMER,CF_bus2_SUMMER,0.0
2025-01-20 05:00:00,SUMMER,CF_bus2_SUMMER,0.0
2025-01-20 06:00:00,SUMMER,CF_bus2_SUMMER,0.0
2025-01-20 07:00:00,SUMMER,CF_bus2_SUMMER,0.0
2025-01-20 08:00:00,SUMMER,CF_bus2_SUMMER,0.0
2025-01-20 09:00:00,SUMMER,CF_bus2_SUMMER,0.0
2025-01-20 10:00:00,SUMMER,CF_bus2_SUMMER,0.0
2025-01-20 11:00:00,SUMMER,CF_bus2_SUMMER,0.0
2025-01-20 12:00:00,SUMMER,CF_bus2_SUMMER,0.009855803560983319
2025-01-20 13:00:00,SUMMER,CF_bus2_SUMMER,0.033623580140989553
2025-01-20 14:00:00,SUMMER,CF_bus2_SUMMER,0.0
2025-01-20 15:00:00,SUMMER,CF_bus2_SUMMER,0.39680271460153665
2025-01-20 16:00:00,SUMMER,CF_bus2_SUMMER,0.22033443944755338
2025-01-20 17:00:00,SUMMER,CF_bus2_SUMMER,0.12713110604388356
2025-01-20 18:00:00,SUMMER,CF_bus2_SUMMER,0.07240303620864055
2025-01-20 19:00:00,SUMMER,CF_bus2_SUMMER,0.06012662248664552
2025-01-20 20:00:00,SUMMER,CF_bus2_SUMMER,0.1521908139461014
2025-01-20 21:00:00,SUMMER,CF_bus2_SUMMER,0.47994166858271137
2025-01-20 22:00:00,SUMMER,CF_bus2_SUMMER,0.9819336370203482
2025-01-20 23:00:00,SUMMER,CF_bus2_SUMMER,0.014624890489989991
2025-01-21 00:00:00,SUMMER,CF_bus2_SUMMER,0.030680966055599206
2025-01-21 01:00:00,SUMMER,CF_bus2_SUMMER,0.0
2025-01-21 02:00:00,SUMMER,CF_bus2_SUMMER,0.05826348391067382
2025-01-21 03:00:00,SUMMER,CF_bus2_SUMMER,0.04843351680750863
2025-01-21 04:00:00,SUMMER,CF_bus2_SUMMER,0.0
2025-01-21 05:00:00,SUMMER,CF_bus2_SUMMER,0.05328637235563463
2025-01-21 06:00:00,SUMMER,CF_bus2_SUMMER,0.5020292788161795
2025-01-21 07:00:00,SUMMER,CF_bus2_SUMMER,0.4380023739612146
2025-01-21 08:00:00,SUMMER,CF_bus2_SUMMER,0.361904282725685
2025-01-21 09:00:00,SUMMER,CF_bus2_SUMMER,0.2303396367201279
2025-01-21 10:00:00,SUMMER,CF_bus2_SUMMER,0.10802063067077856
2025-01-21 11:00:00,SUMMER,CF_bus2_SUMMER,0.7902933265662697
2025-01-21 12:00:00,SUMMER,CF_bus2_SUMMER,0.2576563199091183
2025-01-21 13:00:00,SUMMER,CF_bus2_SUMMER,0.16247318666684396
2025-01-21 14:00:00,SUMMER,CF_bus2_SUMMER,0.4195791191505794
2025-01-21 15:00:00,SUMMER,CF_bus2_SUMMER,0.3459420912129716
2025-01-21 16:00:00,SUMMER,CF_bus2_SUMMER,0.2773837792013432
2025-01-21 17:00:00,SUMMER,CF_bus2_SUMMER,0.36047008809992065
2025-01-21 18:00:00,SUMMER,CF_bus2_SUMMER,0.5000457000608035
2025-01-21 19:00:00,SUMMER,CF_bus2_SUMMER,0.8376596353359637
2025-01-21 20:00:00,SUMMER,CF_bus2_SUMMER,0.6486003870249117
2025-01-21 21:00:00,SUMMER,CF_bus2_SUMMER,1.0
2025-01-21 22:00:00,SUMMER,CF_bus2_SUMMER,1.0
2025-01-21 23:00:00,SUMMER,CF_bus2_SUMMER,1.0
2025-01-15 00:00:00,SUMMER,CF_bus3_SUMMER,0.1714131598607994
2025-01-15 01:00:00,SUMMER,CF_bus3_SUMMER,0.2111704672910528
2025-01-15 02:00:00,SUMMER,CF_bus3_SUMMER,0.23593829879915282
2025-01-15 03:00:00,SUMMER,CF_bus3_SUMMER,0.588000006297018
2025-01-15 04:00:00,SUMMER,CF_bus3_SUMMER,0.3881464065407238
2025-01-15 05:00:00,SUMMER,CF_bus3_SUMMER,0.223496772865051
2025-01-15 06:00:00,SUMMER,CF_bus3_SUMMER,0.5034660872494439
2025-01-15 07:00:00,SUMMER,CF_bus3_SUMMER,0.3504674070417968
2025-01-15 08:00:00,SUMMER,CF_bus3_SUMMER,0.3083476451537442
2025-01-15 09:00:00,SUMMER,CF_bus3_SUMMER,0.16397937932100393
2025-01-15 10:00:00,SUMMER,CF_bus3_SUMMER,0.09304238613770599
2025-01-15 11:00:00,SUMMER,CF_bus3_SUMMER,0.41192441717959166
2025-01-15 12:00:00,SUMMER,CF_bus3_SUMMER,0.5140675022283931
2025-01-15 13:00:00,SUMMER,CF_bus3_SUMMER,0.15397119641512497
2025-01-15 14:00:00,SUMMER,CF_bus3_SUMMER,0.0747762464802324
2025-01-15 15:00:00,SUMMER,CF_bus3_SUMMER,0.0
2025-01-15 16:00:00,SUMMER,CF_bus3_SUMMER,0.0
2025-01-15 17:00:00,SUMMER,CF_bus3_SUMMER,0.0
2025-01-15 18:00:00,SUMMER,CF_bus3_SUMMER,0.0
2025-01-15 19:00:00,SUMMER,CF_bus3_SUMMER,0.0
2025-01-15 20:00:00,SUMMER,CF_bus3_SUMMER,0.0
2025-01-15 21:00:00,SUMMER,CF_bus3_SUMMER,0.0
2025-01-15 22:00:00,SUMMER,CF_bus3_SUMMER,0.0
2025-01-15 23:00:00,SUMMER,CF_bus3_SUMMER,0.0
2025-01-16 00:00:00,SUMMER,CF_bus3_SUMMER,0.0
2025-01-16 01:00:00,SUMMER,CF_bus3_SUMMER,0.0
2025-01-16 02:00:00,SUMMER,CF_bus3_SUMMER,0.0
2025-01-16 03:00:00,SUMMER,CF_bus3_SUMMER,0.0
2025-01-16 04:00:00,SUMMER,CF_bus3_SUMMER,0.0
2025-01-16 05:00:00,SUMMER,CF_bus3_SUMMER,0.0
2025-01-16 06:00:00,SUMMER,CF_bus3_SUMMER,0.0
2025-01-16 07:00:00,SUMMER,CF_bus3_SUMMER,0.025425317414399556
2025-01-16 08:00:00,SUMMER,CF_bus3_SUMMER,0.25411859953946575
2025-01-16 09:00:00,SUMMER,CF_bus3_SUMMER,0.5056846386711874
2025-01-16 10:00:00,SUMMER,CF_bus3_SUMMER,0.31180234513399113
2025-01-16 11:00:00,SUMMER,CF_bus3_SUMMER,0.7263151113777487
2025-01-16 12:00:00,SUMMER,CF_bus3_SUMMER,0.7065203374541338
2025-01-16 13:00:00,SUMMER,CF_bus3_SUMMER,1.0
2025-01-16 14:00:00,SUMMER,CF_bus3_SUMMER,1.0
2025-01-16 15:00:00,SUMMER,CF_bus3_SUMMER,0.5699804567279811
2025-01-16 16:00:00,SUMMER,CF_bus3_SUMMER,0.1197639021377975
2025-01-16 17:00:00,SUMMER,CF_bus3_SUMMER,0.07498832193271741
2025-01-16 18:00:00,SUMMER,CF_bus3_SUMMER,0.5065190402185353
2025-01-16 19:00:00,SUMMER,CF_bus3_SUMMER,0.12163460020228352
2025-01-16 20:00:00,SUMMER,CF_bus3_SUMMER,0.12277594108520815
2025-01-16 21:00:00,SUMMER,CF_bus3_SUMMER,0.018058528224451243
2025-01-16 22:00:00,SUMMER,CF_bus3_SUMMER,0.1597118251863152
2025-01-16 23:00:00,SUMMER,CF_bus3_SUMMER,0.05734572672626148
2025-01-17 00:00:00,SUMMER,CF_bus3_SUMMER,0.20042341348779777
2025-01-17 01:00:00,SUMMER,CF_bus3_SUMMER,0.4228883085867178
2025-01-17 02:00:00,SUMMER,CF_bus3_SUMMER,1.0
2025-01-17 03:00:00,SUMMER,CF_bus3_SUMMER,1.0
2025-01-17 04:00:00,SUMMER,CF_bus3_SUMMER,1.0
2025-01-17 05:00:00,SUMMER,CF_bus3_SUMMER,1.0
2025-01-17 06:00:00,SUMMER,CF_bus3_SUMMER,0.43982550963911393
2025-01-17 07:00:00,SUMMER,CF_bus3_SUMMER,0.2620154538174647
2025-01-17 08:00:00,SUMMER,CF_bus3_SUMMER,0.16260836517907667
2025-01-17 09:00:00,SUMMER,CF_bus3_SUMMER,1.0
2025-01-17 10:00:00,SUMMER,CF_bus3_SUMMER,1.0
2025-01-17 11:00:00,SUMMER,CF_bus3_SUMMER,1.0
2025-01-17 12:00:00,SUMMER,CF_bus3_SUMMER,1.0
2025-01-17 13:00:00,SUMMER,CF_bus3_SUMMER,1.0
2025-01-17 14:00:00,SUMMER,CF_bus3_SUMMER,1.0
2025-01-17 15:00:00,SUMMER,CF_bus3_SUMMER,1.0
2025-01-17 16:00:00,SUMMER,CF_bus3_SUMMER,1.0
2025-01-17 17:00:00,SUMMER,CF_bus3_SUMMER,1.0
2025-01-17 18:00:00,SUMMER,CF_bus3_SUMMER,1.0
2025-01-17 19:00:00,SUMMER,CF_bus3_SUMMER,1.0
2025-01-17 20:00:00,SUMMER,CF_bus3_SUMMER,1.0
2025-01-17 21:00:00,SUMMER,CF_bus3_SUMMER,1.0
2025-01-17 22:00:00,SUMMER,CF_bus3_SUMMER,1.0
2025-01-17 23:00:00,SUMMER,CF_bus3_SUMMER,0.8679982520951025
2025-01-18 00:00:00,SUMMER,CF_bus3_SUMMER,0.9416317453368771
2025-01-18 01:00:00,SUMMER,CF_bus3_SUMMER,0.4959118383827576
2025-01-18 02:00:00,SUMMER,CF_bus3_SUMMER,0.3591790364517079
2025-01-18 03:00:00,SUMMER,CF_bus3_SUMMER,0.4720339225146967
2025-01-18 04:00:00,SUMMER,CF_bus3_SUMMER,0.2919071635465324
2025-01-18 05:00:00,SUMMER,CF_bus3_SUMMER,0.19063504694758976
2025-01-18 06:00:00,SUMMER,CF_bus3_SUMMER,0.04996314079661611
2025-01-18 07:00:00,SUMMER,CF_bus3_SUMMER,0.12725909215368444
2025-01-18 08:00:00,SUMMER,CF_bus3_SUMMER,0.16988800361118409
2025-01-18 09:00:00,SUMMER,CF_bus3_SUMMER,0.3972317457466541
2025-01-18 10:00:00,SUMMER,CF_bus3_SUMMER,0.6600787882105795
2025-01-18 11:00:00,SUMMER,CF_bus3_SUMMER,1.0
2025-01-18 12:00:00,SUMMER,CF_bus3_SUMMER,1.0
2025-01-18 13:00:00,SUMMER,CF_bus3_SUMMER,1.0
2025-01-18 14:00:00,SUMMER,CF_bus3_SUMMER,0.4960784507796224
2025-01-18 15:00:00,SUMMER,CF_bus3_SUMMER,0.19746741086609476
2025-01-18 16:00:00,SUMMER,CF_bus3_SUMMER,0.32565185410988917
2025-01-18 17:00:00,SUMMER,CF_bus3_SUMMER,0.17773433186286905
2025-01-18 18:00:00,SUMMER,CF_bus3_SUMMER,0.8278021822497267
2025-01-18 19:00:00,SUMMER,CF_bus3_SUMMER,0.8835488341335626
2025-01-18 20:00:00,SUMMER,CF_bus3_SUMMER,0.14010560197181932
2025-01-18 21:00:00,SUMMER,CF_bus3_SUMMER,0.23689561831299905
2025-01-18 22:00:00,SUMMER,CF_bus3_SUMMER,0.2825294648858119
2025-01-18 23:00:00,SUMMER,CF_bus3_SUMMER,0.2224146213436207
2025-01-19 00:00:00,SUMMER,CF_bus3_SUMMER,0.038118848241655456
2025-01-19 01:00:00,SUMMER,CF_bus3_SUMMER,0.04577949346664427
2025-01-19 02:00:00,SUMMER,CF_bus3_SUMMER,0.18447063512443723
2025-01-19 03:00:00,SUMMER,CF_bus3_SUMMER,0.1057530053974487
2025-01-19 04:00:00,SUMMER,CF_bus3_SUMMER,0.13673333156801964
2025-01-19 05:00:00,SUMMER,CF_bus3_SUMMER,0.2130624913016444
2025-01-19 06:00:00,SUMMER,CF_bus3_SUMMER,0.27725225705269746
2025-01-19 07:00:00,SUMMER,CF_bus3_SUMMER,0.05665148923287285
2025-01-19 08:00:00,SUMMER,CF_bus3_SUMMER,0.032384779224873164
2025-01-19 09:00:00,SUMMER,CF_bus3_SUMMER,0.0
2025-01-19 10:00:00,SUMMER,CF_bus3_SUMMER,0.0
2025-01-19 11:00:00,SUMMER,CF_bus3_SUMMER,0.0
2025-01-19 12:00:00,SUMMER,CF_bus3_SUMMER,0.0
2025-01-19 13:00:00,SUMMER,CF_bus3_SUMMER,0.0
2025-01-19 14:00:00,SUMMER,CF_bus3_SUMMER,0.0
2025-01-19 15:00:00,SUMMER,CF_bus3_SUMMER,0.0
2025-01-19 16:00:00,SUMMER,CF_bus3_SUMMER,0.0
2025-01-19 17:00:00,SUMMER,CF_bus3_SUMMER,0.0
2025-01-19 18:00:00,SUMMER,CF_bus3_SUMMER,0.0
2025-01-19 19:00:00,SUMMER,CF_bus3_SUMMER,0.12077454635273947
2025-01-19 20:00:00,SUMMER,CF_bus3_SUMMER,0.05981935612223402
2025-01-19 21:00:00,SUMMER,CF_bus3_SUMMER,0.03842290511385497
2025-01-19 22:00:00,SUMMER,CF_bus3_SUMMER,0.01349431461492771
2025-01-19 23:00:00,SUMMER,CF_bus3_SUMMER,0.004121249377438305
2025-01-20 00:00:00,SUMMER,CF_bus3_SUMMER,0.0
2025-01-20 01:00:00,SUMMER,CF_bus3_SUMMER,0.020555233643460614
2025-01-20 02:00:00,SUMMER,CF_bus3_SUMMER,0.0
2025-01-20 03:00:00,SUMMER,CF_bus3_SUMMER,0.04616393953719
2025-01-20 04:00:00,SUMMER,CF_bus3_SUMMER,0.2415845108023582
2025-01-20 05:00:00,SUMMER,CF_bus3_SUMMER,0.11877317797469315
2025-01-20 06:00:00,SUMMER,CF_bus3_SUMMER,0.21910237094559498
2025-01-20 07:00:00,SUMMER,CF_bus3_SUMMER,0.2709581657310824
2025-01-20 08:00:00,SUMMER,CF_bus3_SUMMER,0.19179006767845638
2025-01-20 09:00:00,SUMMER,CF_bus3_SUMMER,0.011561361917799372
2025-01-20 10:00:00,SUMMER,CF_bus3_SUMMER,0.11880828253482308
2025-01-20 11:00:00,SUMMER,CF_bus3_SUMMER,0.10785009822276136
2025-01-20 12:00:00,SUMMER,CF_bus3_SUMMER,0.03222312819144886
2025-01-20 13:00:00,SUMMER,CF_bus3_SUMMER,0.0
2025-01-20 14:00:00,SUMMER,CF_bus3_SUMMER,0.0
2025-01-20 15:00:00,SUMMER,CF_bus3_SUMMER,0.0
2025-01-20 16:00:00,SUMMER,CF_bus3_SUMMER,0.0
2025-01-20 17:00:00,SUMMER,CF_bus3_SUMMER,0.0
2025-01-20 18:00:00,SUMMER,CF_bus3_SUMMER,0.00969579463985733
2025-01-20 19:00:00,SUMMER,CF_bus3_SUMMER,0.0
2025-01-20 20:00:00,SUMMER,CF_bus3_SUMMER,0.0
2025-01-20 21:00:00,SUMMER,CF_bus3_SUMMER,0.0
2025-01-20 22:00:00,SUMMER,CF_bus3_SUMMER,0.0
2025-01-20 23:00:00,SUMMER,CF_bus3_SUMMER,0.0985231237110351
2025-01-21 00:00:00,SUMMER,CF_bus3_SUMMER,0.5838031954760494
2025-01-21 01:00:00,SUMMER,CF_bus3_SUMMER,0.8666997853581829
2025-01-21 02:00:00,SUMMER,CF_bus3_SUMMER,0.16633168911496496
2025-01-21 03:00:00,SUMMER,CF_bus3_SUMMER,0.06988987451425573
2025-01-21 04:00:00,SUMMER,CF_bus3_SUMMER,0.04573538961902064
2025-01-21 05:00:00,SUMMER,CF_bus3_SUMMER,0.009037683543106668
2025-01-21 06:00:00,SUMMER,CF_bus3_SUMMER,0.0021896525886431193
2025-01-21 07:00:00,SUMMER,CF_bus3_SUMMER,0.0
2025-01-21 08:00:00,SUMMER,CF_bus3_SUMMER,0.0
2025-01-21 09:00:00,SUMMER,CF_bus3_SUMMER,0.0
2025-01-21 10:00:00,SUMMER,CF_bus3_SUMMER,0.0
2025-01-21 11:00:00,SUMMER,CF_bus3_SUMMER,0.0
2025-01-21 12:00:00,SUMMER,CF_bus3_SUMMER,0.020527974219395367
2025-01-21 13:00:00,SUMMER,CF_bus3_SUMMER,0.0
2025-01-21 14:00:00,SUMMER,CF_bus3_SUMMER,0.0
2025-01-21 15:00:00,SUMMER,CF_bus3_SUMMER,0.02927432242599407
2025-01-21 16:00:00,SUMMER,CF_bus3_SUMMER,0.06845808612119614
2025-01-21 17:00:00,SUMMER,CF_bus3_SUMMER,0.029635789458608387
2025-01-21 18:00:00,SUMMER,CF_bus3_SUMMER,0.0019428480516363886
2025-01-21 19:00:00,SUMMER,CF_bus3_SUMMER,0.0
2025-01-21 20:00:00,SUMMER,CF_bus3_SUMMER,0.0
2025-01-21 21:00:00,SUMMER,CF_bus3_SUMMER,0.0
2025-01-21 22:00:00,SUMMER,CF_bus3_SUMMER,0.0
2025-01-21 23:00:00,SUMMER,CF_bus3_SUMMER,0.2006133986916783
2025-01-22 00:00:00,AUTUMN,CF_bus2_AUTUMN,0.3674822809136524
2025-01-22 01:00:00,AUTUMN,CF_bus2_AUTUMN,0.44928563867083354
2025-01-22 02:00:00,AUTUMN,CF_bus2_AUTUMN,0.12473293176887824
2025-01-22 03:00:00,AUTUMN,CF_bus2_AUTUMN,0.321270883319222
2025-01-22 04:00:00,AUTUMN,CF_bus2_AUTUMN,0.6765312815595936
2025-01-22 05:00:00,AUTUMN,CF_bus2_AUTUMN,0.5518086989982554
2025-01-22 06:00:00,AUTUMN,CF_bus2_AUTUMN,0.7626987810070918
2025-01-22 07:00:00,AUTUMN,CF_bus2_AUTUMN,0.4516481135841433
2025-01-22 08:00:00,AUTUMN,CF_bus2_AUTUMN,0.703682780065665
2025-01-22 09:00:00,AUTUMN,CF_bus2_AUTUMN,0.6746035920815349
2025-01-22 10:00:00,AUTUMN,CF_bus2_AUTUMN,0.21170571987072442
2025-01-22 11:00:00,AUTUMN,CF_bus2_AUTUMN,0.10386923803613463
2025-01-22 12:00:00,AUTUMN,CF_bus2_AUTUMN,0.12213315378791315
2025-01-22 13:00:00,AUTUMN,CF_bus2_AUTUMN,0.17454499136495774
2025-01-22 14:00:00,AUTUMN,CF_bus2_AUTUMN,0.4433199453681753
2025-01-22 15:00:00,AUTUMN,CF_bus2_AUTUMN,0.29544703471833916
2025-01-22 16:00:00,AUTUMN,CF_bus2_AUTUMN,0.3593585573960972
2025-01-22 17:00:00,AUTUMN,CF_bus2_AUTUMN,0.8060004775870784
2025-01-22 18:00:00,AUTUMN,CF_bus2_AUTUMN,1.0
2025-01-22 19:00:00,AUTUMN,CF_bus2_AUTUMN,0.9679584838239793
2025-01-22 20:00:00,AUTUMN,CF_bus2_AUTUMN,0.8878799165164629
2025-01-22 21:00:00,AUTUMN,CF_bus2_AUTUMN,0.1984257013362432
2025-01-22 22:00:00,AUTUMN,CF_bus2_AUTUMN,0.09282032805588626
2025-01-22 23:00:00,AUTUMN,CF_bus2_AUTUMN,0.02578410450266372
2025-01-23 00:00:00,AUTUMN,CF_bus2_AUTUMN,0.2421684134140019
2025-01-23 01:00:00,AUTUMN,CF_bus2_AUTUMN,0.5340905942894185
2025-01-23 02:00:00,AUTUMN,CF_bus2_AUTUMN,0.025172798981335114
2025-01-23 03:00:00,AUTUMN,CF_bus2_AUTUMN,0.0
2025-01-23 04:00:00,AUTUMN,CF_bus2_AUTUMN,0.0
2025-01-23 05:00:00,AUTUMN,CF_bus2_AUTUMN,0.0
2025-01-23 06:00:00,AUTUMN,CF_bus2_AUTUMN,0.0
2025-01-23 07:00:00,AUTUMN,CF_bus2_AUTUMN,0.0
2025-01-23 08:00:00,AUTUMN,CF_bus2_AUTUMN,0.0
2025-01-23 09:00:00,AUTUMN,CF_bus2_AUTUMN,0.029906034257258598
2025-01-23 10:00:00,AUTUMN,CF_bus2_AUTUMN,0.010733005238993829
2025-01-23 11:00:00,AUTUMN,CF_bus2_AUTUMN,0.0
2025-01-23 12:00:00,AUTUMN,CF_bus2_AUTUMN,0.0
2025-01-23 13:00:00,AUTUMN,CF_bus2_AUTUMN,0.0
2025-01-23 14:00:00,AUTUMN,CF_bus2_AUTUMN,0.1058793675519805
2025-01-23 15:00:00,AUTUMN,CF_bus2_AUTUMN,0.048648444825088365
2025-01-23 16:00:00,AUTUMN,CF_bus2_AUTUMN,0.10827991648216863
2025-01-23 17:00:00,AUTUMN,CF_bus2_AUTUMN,0.1717352909814949
2025-01-23 18:00:00,AUTUMN,CF_bus2_AUTUMN,0.34428537603265963
2025-01-23 19:00:00,AUTUMN,CF_bus2_AUTUMN,0.7361216508435912
2025-01-23 20:00:00,AUTUMN,CF_bus2_AUTUMN,1.0
2025-01-23 21:00:00,AUTUMN,CF_bus2_AUTUMN,1.0
2025-01-23 22:00:00,AUTUMN,CF_bus2_AUTUMN,1.0
2025-01-23 23:00:00,AUTUMN,CF_bus2_AUTUMN,0.3881265186361907
2025-01-24 00:00:00,AUTUMN,CF_bus2_AUTUMN,0.6164081351372268
2025-01-24 01:00:00,AUTUMN,CF_bus2_AUTUMN,0.443152714341018
2025-01-24 02:00:00,AUTUMN,CF_bus2_AUTUMN,0.4757113147698041
2025-01-24 03:00:00,AUTUMN,CF_bus2_AUTUMN,0.20998550105557912
2025-01-24 04:00:00,AUTUMN,CF_bus2_AUTUMN,0.0782271762885083
2025-01-24 05:00:00,AUTUMN,CF_bus2_AUTUMN,0.0
2025-01-24 06:00:00,AUTUMN,CF_bus2_AUTUMN,0.0
2025-01-24 07:00:00,AUTUMN,CF_bus2_AUTUMN,0.0
2025-01-24 08:00:00,AUTUMN,CF_bus2_AUTUMN,0.0
2025-01-24 09:00:00,AUTUMN,CF_bus2_AUTUMN,0.0
2025-01-24 10:00:00,AUTUMN,CF_bus2_AUTUMN,0.0
2025-01-24 11:00:00,AUTUMN,CF_bus2_AUTUMN,0.0
2025-01-24 12:00:00,AUTUMN,CF_bus2_AUTUMN,0.0
2025-01-24 13:00:00,AUTUMN,CF_bus2_AUTUMN,0.009587141153680675
2025-01-24 14:00:00,AUTUMN,CF_bus2_AUTUMN,0.0
2025-01-24 15:00:00,AUTUMN,CF_bus2_AUTUMN,0.029222175645262985
2025-01-24 16:00:00,AUTUMN,CF_bus2_AUTUMN,0.3325628239093691
2025-01-24 17:00:00,AUTUMN,CF_bus2_AUTUMN,0.17871239171012568
2025-01-24 18:00:00,AUTUMN,CF_bus2_AUTUMN,0.4088846308554666
2025-01-24 19:00:00,AUTUMN,CF_bus2_AUTUMN,0.7341302218600464
2025-01-24 20:00:00,AUTUMN,CF_bus2_AUTUMN,0.8192236021224247
2025-01-24 21:00:00,AUTUMN,CF_bus2_AUTUMN,0.4147754666122244
2025-01-24 22:00:00,AUTUMN,CF_bus2_AUTUMN,1.0
2025-01-24 23:00:00,AUTUMN,CF_bus2_AUTUMN,1.0
2025-01-25 00:00:00,AUTUMN,CF_bus2_AUTUMN,0.2413087303390447
2025-01-25 01:00:00,AUTUMN,CF_bus2_AUTUMN,0.4932810885279644
2025-01-25 02:00:00,AUTUMN,CF_bus2_AUTUMN,0.18012611415658025
2025-01-25 03:00:00,AUTUMN,CF_bus2_AUTUMN,0.3576545060102331
2025-01-25 04:00:00,AUTUMN,CF_bus2_AUTUMN,0.9464528708224309
2025-01-25 05:00:00,AUTUMN,CF_bus2_AUTUMN,1.0
2025-01-25 06:00:00,AUTUMN,CF_bus2_AUTUMN,0.4086140922470946
2025-01-25 07:00:00,AUTUMN,CF_bus2_AUTUMN,0.4899618265178827
2025-01-25 08:00:00,AUTUMN,CF_bus2_AUTUMN,0.6605871973213671
2025-01-25 09:00:00,AUTUMN,CF_bus2_AUTUMN,0.7186650016392702
2025-01-25 10:00:00,AUTUMN,CF_bus2_AUTUMN,0.3064419589583966
2025-01-25 11:00:00,AUTUMN,CF_bus2_AUTUMN,0.6715242705290835
2025-01-25 12:00:00,AUTUMN,CF_bus2_AUTUMN,0.2506473508024709
2025-01-25 13:00:00,AUTUMN,CF_bus2_AUTUMN,0.046940329264108176
2025-01-25 14:00:00,AUTUMN,CF_bus2_AUTUMN,0.04732228281509381
2025-01-25 15:00:00,AUTUMN,CF_bus2_AUTUMN,0.03469133765784467
2025-01-25 16:00:00,AUTUMN,CF_bus2_AUTUMN,0.03063818637628035
2025-01-25 17:00:00,AUTUMN,CF_bus2_AUTUMN,0.19219590719660018
2025-01-25 18:00:00,AUTUMN,CF_bus2_AUTUMN,0.5248770048215852
2025-01-25 19:00:00,AUTUMN,CF_bus2_AUTUMN,0.4041039647803839
2025-01-25 20:00:00,AUTUMN,CF_bus2_AUTUMN,1.0
2025-01-25 21:00:00,AUTUMN,CF_bus2_AUTUMN,1.0
2025-01-25 22:00:00,AUTUMN,CF_bus2_AUTUMN,1.0
2025-01-25 23:00:00,AUTUMN,CF_bus2_AUTUMN,0.4206714836274546
2025-01-26 00:00:00,AUTUMN,CF_bus2_AUTUMN,0.18670989390950055
2025-01-26 01:00:00,AUTUMN,CF_bus2_AUTUMN,0.1626906267861955
2025-01-26 02:00:00,AUTUMN,CF_bus2_AUTUMN,0.05822294690393907
2025-01-26 03:00:00,AUTUMN,CF_bus2_AUTUMN,0.23076015423302534
2025-01-26 04:00:00,AUTUMN,CF_bus2_AUTUMN,0.3517864854198324
2025-01-26 05:00:00,AUTUMN,CF_bus2_AUTUMN,0.7641324501339715
2025-01-26 06:00:00,AUTUMN,CF_bus2_AUTUMN,0.07735438237853119
2025-01-26 07:00:00,AUTUMN,CF_bus2_AUTUMN,0.44737044404926946
2025-01-26 08:00:00,AUTUMN,CF_bus2_AUTUMN,0.47681851281832865
2025-01-26 09:00:00,AUTUMN,CF_bus2_AUTUMN,1.0
2025-01-26 10:00:00,AUTUMN,CF_bus2_AUTUMN,1.0
2025-01-26 11:00:00,AUTUMN,CF_bus2_AUTUMN,0.3816700989199673
2025-01-26 12:00:00,AUTUMN,CF_bus2_AUTUMN,0.4844398009943839
2025-01-26 13:00:00,AUTUMN,CF_bus2_AUTUMN,0.8211650701529151
2025-01-26 14:00:00,AUTUMN,CF_bus2_AUTUMN,1.0
2025-01-26 15:00:00,AUTUMN,CF_bus2_AUTUMN,1.0
2025-01-26 16:00:00,AUTUMN,CF_bus2_AUTUMN,1.0
2025-01-26 17:00:00,AUTUMN,CF_bus2_AUTUMN,1.0
2025-01-26 18:00:00,AUTUMN,CF_bus2_AUTUMN,1.0
2025-01-26 19:00:00,AUTUMN,CF_bus2_AUTUMN,1.0
2025-01-26 20:00:00,AUTUMN,CF_bus2_AUTUMN,1.0
2025-01-26 21:00:00,AUTUMN,CF_bus2_AUTUMN,1.0
2025-01-26 22:00:00,AUTUMN,CF_bus2_AUTUMN,1.0
2025-01-26 23:00:00,AUTUMN,CF_bus2_AUTUMN,1.0
2025-01-27 00:00:00,AUTUMN,CF_bus2_AUTUMN,1.0
2025-01-27 01:00:00,AUTUMN,CF_bus2_AUTUMN,1.0
2025-01-27 02:00:00,AUTUMN,CF_bus2_AUTUMN,0.9920575724969456
2025-01-27 03:00:00,AUTUMN,CF_bus2_AUTUMN,0.625943327638977
2025-01-27 04:00:00,AUTUMN,CF_bus2_AUTUMN,0.5925629039689553
2025-01-27 05:00:00,AUTUMN,CF_bus2_AUTUMN,0.2192814245415224
2025-01-27 06:00:00,AUTUMN,CF_bus2_AUTUMN,0.39557978601798255
2025-01-27 07:00:00,AUTUMN,CF_bus2_AUTUMN,0.16585495066785796
2025-01-27 08:00:00,AUTUMN,CF_bus2_AUTUMN,0.16416633184731397
2025-01-27 09:00:00,AUTUMN,CF_bus2_AUTUMN,0.21304925677482459
2025-01-27 10:00:00,AUTUMN,CF_bus2_AUTUMN,0.11825356996576346
2025-01-27 11:00:00,AUTUMN,CF_bus2_AUTUMN,0.04172059902193114
2025-01-27 12:00:00,AUTUMN,CF_bus2_AUTUMN,0.3427575477760712
2025-01-27 13:00:00,AUTUMN,CF_bus2_AUTUMN,0.7652634294545985
2025-01-27 14:00:00,AUTUMN,CF_bus2_AUTUMN,1.0
2025-01-27 15:00:00,AUTUMN,CF_bus2_AUTUMN,1.0
2025-01-27 16:00:00,AUTUMN,CF_bus2_AUTUMN,0.709716330388551
2025-01-27 17:00:00,AUTUMN,CF_bus2_AUTUMN,0.5778192378253847
2025-01-27 18:00:00,AUTUMN,CF_bus2_AUTUMN,0.20969681767110762
2025-01-27 19:00:00,AUTUMN,CF_bus2_AUTUMN,0.16638819737679167
2025-01-27 20:00:00,AUTUMN,CF_bus2_AUTUMN,0.14968255004881392
2025-01-27 21:00:00,AUTUMN,CF_bus2_AUTUMN,0.15566215587254692
2025-01-27 22:00:00,AUTUMN,CF_bus2_AUTUMN,0.06639987184350399
2025-01-27 23:00:00,AUTUMN,CF_bus2_AUTUMN,0.06469535780867705
2025-01-28 00:00:00,AUTUMN,CF_bus2_AUTUMN,0.01587250192605956
2025-01-28 01:00:00,AUTUMN,CF_bus2_AUTUMN,0.0
2025-01-28 02:00:00,AUTUMN,CF_bus2_AUTUMN,0.0
2025-01-28 03:00:00,AUTUMN,CF_bus2_AUTUMN,0.0
2025-01-28 04:00:00,AUTUMN,CF_bus2_AUTUMN,0.0
2025-01-28 05:00:00,AUTUMN,CF_bus2_AUTUMN,0.007936761355013935
2025-01-28 06:00:00,AUTUMN,CF_bus2_AUTUMN,0.07183440164785825
2025-01-28 07:00:00,AUTUMN,CF_bus2_AUTUMN,0.21492815584781014
2025-01-28 08:00:00,AUTUMN,CF_bus2_AUTUMN,0.1333515722356481
2025-01-28 09:00:00,AUTUMN,CF_bus2_AUTUMN,0.04442186462097959
2025-01-28 10:00:00,AUTUMN,CF_bus2_AUTUMN,0.04039296105737548
2025-01-28 11:00:00,AUTUMN,CF_bus2_AUTUMN,0.4668560659399929
2025-01-28 12:00:00,AUTUMN,CF_bus2_AUTUMN,0.5830428070256712
2025-01-28 13:00:00,AUTUMN,CF_bus2_AUTUMN,0.6477296820204488
2025-01-28 14:00:00,AUTUMN,CF_bus2_AUTUMN,0.42219868932507515
2025-01-28 15:00:00,AUTUMN,CF_bus2_AUTUMN,0.2997441380258758
2025-01-28 16:00:00,AUTUMN,CF_bus2_AUTUMN,0.43878219992056955
2025-01-28 17:00:00,AUTUMN,CF_bus2_AUTUMN,1.0
2025-01-28 18:00:00,AUTUMN,CF_bus2_AUTUMN,0.3120680510521425
2025-01-28 19:00:00,AUTUMN,CF_bus2_AUTUMN,0.29527660293901803
2025-01-28 20:00:00,AUTUMN,CF_bus2_AUTUMN,0.7905778694978678
2025-01-28 21:00:00,AUTUMN,CF_bus2_AUTUMN,0.9250781881542103
2025-01-28 22:00:00,AUTUMN,CF_bus2_AUTUMN,0.6876190032644368
2025-01-28 23:00:00,AUTUMN,CF_bus2_AUTUMN,0.21402145379448773
2025-01-22 00:00:00,AUTUMN,CF_bus3_AUTUMN,0.33382780512141325
2025-01-22 01:00:00,AUTUMN,CF_bus3_AUTUMN,0.716773839719862
2025-01-22 02:00:00,AUTUMN,CF_bus3_AUTUMN,0.37185501761406214
2025-01-22 03:00:00,AUTUMN,CF_bus3_AUTUMN,0.1022060107542942
2025-01-22 04:00:00,AUTUMN,CF_bus3_AUTUMN,0.21259426453807478
2025-01-22 05:00:00,AUTUMN,CF_bus3_AUTUMN,0.2062552560404755
2025-01-22 06:00:00,AUTUMN,CF_bus3_AUTUMN,0.43063986176195307
2025-01-22 07:00:00,AUTUMN,CF_bus3_AUTUMN,0.37740721344162165
2025-01-22 08:00:00,AUTUMN,CF_bus3_AUTUMN,0.2840389665363355
2025-01-22 09:00:00,AUTUMN,CF_bus3_AUTUMN,0.512014873053298
2025-01-22 10:00:00,AUTUMN,CF_bus3_AUTUMN,0.5515812777804333
2025-01-22 11:00:00,AUTUMN,CF_bus3_AUTUMN,0.7444299370198874
2025-01-22 12:00:00,AUTUMN,CF_bus3_AUTUMN,0.3493723395386307
2025-01-22 13:00:00,AUTUMN,CF_bus3_AUTUMN,0.7073216175828941
2025-01-22 14:00:00,AUTUMN,CF_bus3_AUTUMN,0.653188546856775
2025-01-22 15:00:00,AUTUMN,CF_bus3_AUTUMN,0.6142390817535339
2025-01-22 16:00:00,AUTUMN,CF_bus3_AUTUMN,0.35521497069301883
2025-01-22 17:00:00,AUTUMN,CF_bus3_AUTUMN,0.46494077055698785
2025-01-22 18:00:00,AUTUMN,CF_bus3_AUTUMN,0.5371711523171706
2025-01-22 19:00:00,AUTUMN,CF_bus3_AUTUMN,0.6834408277816069
2025-01-22 20:00:00,AUTUMN,CF_bus3_AUTUMN,0.7433534772543929
2025-01-22 21:00:00,AUTUMN,CF_bus3_AUTUMN,0.5309090896492181
2025-01-22 22:00:00,AUTUMN,CF_bus3_AUTUMN,0.4638092326348495
2025-01-22 23:00:00,AUTUMN,CF_bus3_AUTUMN,0.5157454631706457
2025-01-23 00:00:00,AUTUMN,CF_bus3_AUTUMN,0.3969077837027875
2025-01-23 01:00:00,AUTUMN,CF_bus3_AUTUMN,0.6518271116133832
2025-01-23 02:00:00,AUTUMN,CF_bus3_AUTUMN,0.26750057328478505
2025-01-23 03:00:00,AUTUMN,CF_bus3_AUTUMN,0.16155769289603278
2025-01-23 04:00:00,AUTUMN,CF_bus3_AUTUMN,0.04620138404198782
2025-01-23 05:00:00,AUTUMN,CF_bus3_AUTUMN,0.0
2025-01-23 06:00:00,AUTUMN,CF_bus3_AUTUMN,0.04068909787322052
2025-01-23 07:00:00,AUTUMN,CF_bus3_AUTUMN,0.0
2025-01-23 08:00:00,AUTUMN,CF_bus3_AUTUMN,0.0
2025-01-23 09:00:00,AUTUMN,CF_bus3_AUTUMN,0.0
2025-01-23 10:00:00,AUTUMN,CF_bus3_AUTUMN,0.0013921377977697492
2025-01-23 11:00:00,AUTUMN,CF_bus3_AUTUMN,0.04339562331764678
2025-01-23 12:00:00,AUTUMN,CF_bus3_AUTUMN,0.0804971563569656
2025-01-23 13:00:00,AUTUMN,CF_bus3_AUTUMN,0.394902338548776
2025-01-23 14:00:00,AUTUMN,CF_bus3_AUTUMN,0.11207431334126987
2025-01-23 15:00:00,AUTUMN,CF_bus3_AUTUMN,0.9445256031377881
2025-01-23 16:00:00,AUTUMN,CF_bus3_AUTUMN,0.9445256031377881
2025-01-23 17:00:00,AUTUMN,CF_bus3_AUTUMN,0.5013056157282036
2025-01-23 18:00:00,AUTUMN,CF_bus3_AUTUMN,0.1602223863998109
2025-01-23 19:00:00,AUTUMN,CF_bus3_AUTUMN,0.29561802435987855
2025-01-23 20:00:00,AUTUMN,CF_bus3_AUTUMN,0.09963291456028751
2025-01-23 21:00:00,AUTUMN,CF_bus3_AUTUMN,0.018514620228756905
2025-01-23 22:00:00,AUTUMN,CF_bus3_AUTUMN,0.0
2025-01-23 23:00:00,AUTUMN,CF_bus3_AUTUMN,0.0
2025-01-24 00:00:00,AUTUMN,CF_bus3_AUTUMN,0.016940905382855462
2025-01-24 01:00:00,AUTUMN,CF_bus3_AUTUMN,0.11252158349129292
2025-01-24 02:00:00,AUTUMN,CF_bus3_AUTUMN,0.33225104542065187
2025-01-24 03:00:00,AUTUMN,CF_bus3_AUTUMN,0.20673961452607842
2025-01-24 04:00:00,AUTUMN,CF_bus3_AUTUMN,0.3119728786774023
2025-01-24 05:00:00,AUTUMN,CF_bus3_AUTUMN,0.11067573232341074
2025-01-24 06:00:00,AUTUMN,CF_bus3_AUTUMN,0.11756175124298895
2025-01-24 07:00:00,AUTUMN,CF_bus3_AUTUMN,0.08982293737511013
2025-01-24 08:00:00,AUTUMN,CF_bus3_AUTUMN,0.4920509523705972
2025-01-24 09:00:00,AUTUMN,CF_bus3_AUTUMN,0.7294115550349132
2025-01-24 10:00:00,AUTUMN,CF_bus3_AUTUMN,0.2645159012122962
2025-01-24 11:00:00,AUTUMN,CF_bus3_AUTUMN,0.21435836092527424
2025-01-24 12:00:00,AUTUMN,CF_bus3_AUTUMN,0.2546827768512612
2025-01-24 13:00:00,AUTUMN,CF_bus3_AUTUMN,0.4357650784807212
2025-01-24 14:00:00,AUTUMN,CF_bus3_AUTUMN,0.6212656228084207
2025-01-24 15:00:00,AUTUMN,CF_bus3_AUTUMN,0.9445256031377881
2025-01-24 16:00:00,AUTUMN,CF_bus3_AUTUMN,0.9445256031377881
2025-01-24 17:00:00,AUTUMN,CF_bus3_AUTUMN,0.9445256031377881
2025-01-24 18:00:00,AUTUMN,CF_bus3_AUTUMN,0.9445256031377881
2025-01-24 19:00:00,AUTUMN,CF_bus3_AUTUMN,0.7648086332863275
2025-01-24 20:00:00,AUTUMN,CF_bus3_AUTUMN,0.9445256031377881
2025-01-24 21:00:00,AUTUMN,CF_bus3_AUTUMN,0.3215088689496878
2025-01-24 22:00:00,AUTUMN,CF_bus3_AUTUMN,0.3147490729476832
2025-01-24 23:00:00,AUTUMN,CF_bus3_AUTUMN,0.19337709485977433
2025-01-25 00:00:00,AUTUMN,CF_bus3_AUTUMN,0.40304561790928806
2025-01-25 01:00:00,AUTUMN,CF_bus3_AUTUMN,0.10372621738609283
2025-01-25 02:00:00,AUTUMN,CF_bus3_AUTUMN,0.0
2025-01-25 03:00:00,AUTUMN,CF_bus3_AUTUMN,0.0
2025-01-25 04:00:00,AUTUMN,CF_bus3_AUTUMN,0.0024371199579344893
2025-01-25 05:00:00,AUTUMN,CF_bus3_AUTUMN,0.05681744852980345
2025-01-25 06:00:00,AUTUMN,CF_bus3_AUTUMN,0.16411666053048785
2025-01-25 07:00:00,AUTUMN,CF_bus3_AUTUMN,0.2074878279421152
2025-01-25 08:00:00,AUTUMN,CF_bus3_AUTUMN,0.19511052440416954
2025-01-25 09:00:00,AUTUMN,CF_bus3_AUTUMN,0.0685541315566196
2025-01-25 10:00:00,AUTUMN,CF_bus3_AUTUMN,0.027590354715123937
2025-01-25 11:00:00,AUTUMN,CF_bus3_AUTUMN,0.024921020999885475
2025-01-25 12:00:00,AUTUMN,CF_bus3_AUTUMN,0.1639371380985566
2025-01-25 13:00:00,AUTUMN,CF_bus3_AUTUMN,0.2786517219648429
2025-01-25 14:00:00,AUTUMN,CF_bus3_AUTUMN,0.2729555861585001
2025-01-25 15:00:00,AUTUMN,CF_bus3_AUTUMN,0.202578870933357
2025-01-25 16:00:00,AUTUMN,CF_bus3_AUTUMN,0.1782909814305843
2025-01-25 17:00:00,AUTUMN,CF_bus3_AUTUMN,0.5375283140434545
2025-01-25 18:00:00,AUTUMN,CF_bus3_AUTUMN,0.7189963427784865
2025-01-25 19:00:00,AUTUMN,CF_bus3_AUTUMN,0.9207792918837132
2025-01-25 20:00:00,AUTUMN,CF_bus3_AUTUMN,0.5503004887600575
2025-01-25 21:00:00,AUTUMN,CF_bus3_AUTUMN,0.12260495121162526
2025-01-25 22:00:00,AUTUMN,CF_bus3_AUTUMN,0.32421740364566654
2025-01-25 23:00:00,AUTUMN,CF_bus3_AUTUMN,0.9405088714786197
2025-01-26 00:00:00,AUTUMN,CF_bus3_AUTUMN,0.6436355189150066
2025-01-26 01:00:00,AUTUMN,CF_bus3_AUTUMN,0.894625703610429
2025-01-26 02:00:00,AUTUMN,CF_bus3_AUTUMN,0.6692931507376779
2025-01-26 03:00:00,AUTUMN,CF_bus3_AUTUMN,0.4400524503547249
2025-01-26 04:00:00,AUTUMN,CF_bus3_AUTUMN,0.9445256031377881
2025-01-26 05:00:00,AUTUMN,CF_bus3_AUTUMN,0.9445256031377881
2025-01-26 06:00:00,AUTUMN,CF_bus3_AUTUMN,0.773592913210496
2025-01-26 07:00:00,AUTUMN,CF_bus3_AUTUMN,0.7339732054420841
2025-01-26 08:00:00,AUTUMN,CF_bus3_AUTUMN,0.6105025448462748
2025-01-26 09:00:00,AUTUMN,CF_bus3_AUTUMN,0.3771769363711651
2025-01-26 10:00:00,AUTUMN,CF_bus3_AUTUMN,0.006921263833111367
2025-01-26 11:00:00,AUTUMN,CF_bus3_AUTUMN,0.026111439819358186
2025-01-26 12:00:00,AUTUMN,CF_bus3_AUTUMN,0.08595651793548226
2025-01-26 13:00:00,AUTUMN,CF_bus3_AUTUMN,0.1201500897269415
2025-01-26 14:00:00,AUTUMN,CF_bus3_AUTUMN,0.16279483897736505
2025-01-26 15:00:00,AUTUMN,CF_bus3_AUTUMN,0.1493396970395589
2025-01-26 16:00:00,AUTUMN,CF_bus3_AUTUMN,0.05034183813626147
2025-01-26 17:00:00,AUTUMN,CF_bus3_AUTUMN,0.35898233559273
2025-01-26 18:00:00,AUTUMN,CF_bus3_AUTUMN,0.78357231204243
2025-01-26 19:00:00,AUTUMN,CF_bus3_AUTUMN,0.8841294437827159
2025-01-26 20:00:00,AUTUMN,CF_bus3_AUTUMN,0.5713741076404106
2025-01-26 21:00:00,AUTUMN,CF_bus3_AUTUMN,0.2660636116194947
2025-01-26 22:00:00,AUTUMN,CF_bus3_AUTUMN,0.2936799480667421
2025-01-26 23:00:00,AUTUMN,CF_bus3_AUTUMN,0.22613629786925218
2025-01-27 00:00:00,AUTUMN,CF_bus3_AUTUMN,0.23633139717403367
2025-01-27 01:00:00,AUTUMN,CF_bus3_AUTUMN,0.0628795533880569
2025-01-27 02:00:00,AUTUMN,CF_bus3_AUTUMN,0.1541100313502372
2025-01-27 03:00:00,AUTUMN,CF_bus3_AUTUMN,0.9445256031377881
2025-01-27 04:00:00,AUTUMN,CF_bus3_AUTUMN,0.7107881035484355
2025-01-27 05:00:00,AUTUMN,CF_bus3_AUTUMN,0.18927764367968555
2025-01-27 06:00:00,AUTUMN,CF_bus3_AUTUMN,0.15125176746698415
2025-01-27 07:00:00,AUTUMN,CF_bus3_AUTUMN,0.5873652169540478
2025-01-27 08:00:00,AUTUMN,CF_bus3_AUTUMN,0.45556583823873276
2025-01-27 09:00:00,AUTUMN,CF_bus3_AUTUMN,0.0644632078004875
2025-01-27 10:00:00,AUTUMN,CF_bus3_AUTUMN,0.07385434978148786
2025-01-27 11:00:00,AUTUMN,CF_bus3_AUTUMN,0.07406660701595566
2025-01-27 12:00:00,AUTUMN,CF_bus3_AUTUMN,0.5907903516551197
2025-01-27 13:00:00,AUTUMN,CF_bus3_AUTUMN,0.9445256031377881
2025-01-27 14:00:00,AUTUMN,CF_bus3_AUTUMN,0.9445256031377881
2025-01-27 15:00:00,AUTUMN,CF_bus3_AUTUMN,0.9445256031377881
2025-01-27 16:00:00,AUTUMN,CF_bus3_AUTUMN,0.9445256031377881
2025-01-27 17:00:00,AUTUMN,CF_bus3_AUTUMN,0.9445256031377881
2025-01-27 18:00:00,AUTUMN,CF_bus3_AUTUMN,0.45917034547332913
2025-01-27 19:00:00,AUTUMN,CF_bus3_AUTUMN,0.9445256031377881
2025-01-27 20:00:00,AUTUMN,CF_bus3_AUTUMN,0.9445256031377881
2025-01-27 21:00:00,AUTUMN,CF_bus3_AUTUMN,0.4990643495826472
2025-01-27 22:00:00,AUTUMN,CF_bus3_AUTUMN,0.1911067123495508
2025-01-27 23:00:00,AUTUMN,CF_bus3_AUTUMN,0.26750103423561056
2025-01-28 00:00:00,AUTUMN,CF_bus3_AUTUMN,0.08873116986132308
2025-01-28 01:00:00,AUTUMN,CF_bus3_AUTUMN,0.01843793043734958
2025-01-28 02:00:00,AUTUMN,CF_bus3_AUTUMN,0.04067344079892963
2025-01-28 03:00:00,AUTUMN,CF_bus3_AUTUMN,0.0
2025-01-28 04:00:00,AUTUMN,CF_bus3_AUTUMN,0.11669312679297386
2025-01-28 05:00:00,AUTUMN,CF_bus3_AUTUMN,0.4845339577251919
2025-01-28 06:00:00,AUTUMN,CF_bus3_AUTUMN,0.3849124069848001
2025-01-28 07:00:00,AUTUMN,CF_bus3_AUTUMN,0.7788546046891832
2025-01-28 08:00:00,AUTUMN,CF_bus3_AUTUMN,0.8644196092734737
2025-01-28 09:00:00,AUTUMN,CF_bus3_AUTUMN,0.13086408306286357
2025-01-28 10:00:00,AUTUMN,CF_bus3_AUTUMN,0.18574929061795467
2025-01-28 11:00:00,AUTUMN,CF_bus3_AUTUMN,0.9445256031377881
2025-01-28 12:00:00,AUTUMN,CF_bus3_AUTUMN,0.9445256031377881
2025-01-28 13:00:00,AUTUMN,CF_bus3_AUTUMN,0.5331972338048898
2025-01-28 14:00:00,AUTUMN,CF_bus3_AUTUMN,0.8076051909802572
2025-01-28 15:00:00,AUTUMN,CF_bus3_AUTUMN,0.9445256031377881
2025-01-28 16:00:00,AUTUMN,CF_bus3_AUTUMN,0.3983304946867591
2025-01-28 17:00:00,AUTUMN,CF_bus3_AUTUMN,0.4553104179519502
2025-01-28 18:00:00,AUTUMN,CF_bus3_AUTUMN,0.7184358569630646
2025-01-28 19:00:00,AUTUMN,CF_bus3_AUTUMN,0.9445256031377881
2025-01-28 20:00:00,AUTUMN,CF_bus3_AUTUMN,0.9445256031377881
2025-01-28 21:00:00,AUTUMN,CF_bus3_AUTUMN,0.9445256031377881
2025-01-28 22:00:00,AUTUMN,CF_bus3_AUTUMN,0.9445256031377881
2025-01-28 23:00:00,AUTUMN,CF_bus3_AUTUMN,0.8839371150892926
